等级,职业,属性,种族,名称,攻,受,速,范,魔,技能,性质
8,法师,暗,人类,艾莉,2,2,1,1,5,魔墙 ￥￥诅咒（将自己的血将为0.5，场上一单位每2回合血*1/2）￥￥美杜莎*2（攻2守2范1，一回合一次瞬移瞬移，攻4次）￥实验（己方一单位全能力+2，6回合后死亡） ￥水晶球（8回合内可攻击和技能场上任何单位,无
5,刺客,雷,人类,E。暗人,3,4,4,1,4,飞跃 保护 隐身 ￥麻痹（破魔；被击中以后6回合不能移动）,攻击三次；飞行；可以在回合开始时魔-1重置大招，这个情况下的大招只能在本回合使用并且本回合不能攻击
5,勇者,火,恶魔,火葬者,4,3,2,2,4,神速 变硬 穿刺 大火葬（4回合一次；横竖全中，伤5，无视魔免，可以攻-1重置使用次数） 保护,可格挡或反击
4,弓箭,土,人类,精兵,3,2,1,14,3,机枪 神速 回避 【0.5重型火炮（使用以后下个进攻回合不能攻击；之后一次普攻伤害+1并且破魔）,普攻范围是周围（范*2+1）*（范*2+1）；普攻带有以下破魔效果：1/3几率使被攻击单位下回合速-2，到1
3,贤者,木,人类,吟游诗人,2,4,2,4,5,守*2【1 回（一回合一次） 回血（一回合一次） 保护 【2洗礼（仅可对‘人类’使用；被使用的单位魔免；4回合）,原地回魔 原地回血
7,法师,木,精灵,元素猎人,3,3,2,2,5,光墙 神速 ￥完全燃烧（4*4，被击中后每回合魔-1；10回合）￥暴风雪（3*3，被击中后6回合不能移动）￥雷神（攻4守5速4范3，10回合） ￥水之波动（全能力+1，8回合）,所有技能的伤害以外效果破魔
8,刺客,土,灵体,不死王利娜,4,4,4,3,5,隐身 变硬 ￥撕裂 ￥风沙（2*4）震开 狂沙（一回合一次；直线5格，移动到第6格，对经过的单位造成伤害）,攻击两次；在攻击对象死之前无法攻击其他单位；占4格；每破坏一个武将或守在4以上的单位移动，攻击，技能重置并且魔+5；此单位周围7*7的对方单位不能回复
4,狂战,土,石人,岩神,3,5,2,1,3,变硬 震开 龙息 岩吸（一回合一次；破魔；可以对‘沙尘’中任意武将使用；那个武将直到下回合结束，任意能力值-1，此单位那个能力值+1）,自然回魔；此单位周围9*9天气变为“沙尘”）
4,法师,光,古龙,神龙 末日光,3,4,3,3,5,石墙 神速 远程龙息 ￥末日光（7*7内8回合不能使用回复技能，每个己方回合开始时血*1/2，8回合，破魔) ,对此单位攻击或造成伤害的单位受到“末日光”的效果；被此单位造成伤害的单位受到“末日光”的效果；此单位对‘暗’属性武将攻击时带有以下破魔效果：那个单位直到下个回合结束时不能使用主动技能
4,骑士,土,人类,天位骑士,4,3,3,1,3,摩托马（攻0守5速4；每个己方回合可以使用一次神速） 保护  六刀流（开关技能；技能在回合开始时使用；攻-1，攻击六次）,弧形攻击
8,勇者,钢,机甲,翡翠,4,4,3,3,0,机枪（一回合一次）导弹（每4回合可以使用3次）离子盾（一回合两次，可以对队友使用）激光（6回合一次，2*10） 量子盾（4回合一次，防三次，可以对队友使用）机甲强化（6回合一次；守＋1，4回合；血＋1/2） 等离子喷射系统（1回合一次；移动直线5格）立场（4回合一次；使用以后周围5*5内己方单位下回合内不受到伤害）,飞行
4,勇者,光,人类,N,2,3,3,1,2,保护 穿刺 吸魔 磁力波（3*3 魔力点-3） N（魔力点-2；魔+1）,攻击一次魔力点+1；每回合开始时决定攻击数=魔；可格挡或反击；魔无上限
4,贤者,炎,兽人,噬血,3,2,3,3,5,回魔 吸魔 魔盾 守*2【1 【1噬血术（一个单位攻+1；4回合；不可叠加）噬血之舞（一回合一次；仅能对己方单位使用，那个单位和此单位同时血+1/4，魔+1，同时直到下个回合结束时不能移动或者使用位移技能）,普攻带有破魔的吸魔效果
9,勇者,土,人类,李,3,5,3,1,5,飞跃 链条 变硬 保护 ￥回天（一周；随时使用） 红热（开关技能；每个己方回合结束时血*0.5；攻+2，速+3） 精华（4回合一次，额外破魔攻击两次，如果在回合结束时有破魔攻击次数没有用过，则魔+剩余次数）,攻击两次；‘红热’处于‘关’的状态时自然回血；没有移动次数限制
3,法师,暗,精灵,咏唱者,1,2,3,4,5,【1麻痹牌(周围3*3对方单位不能使用技能）【1 毒牌（周围3*3对方单位不能使用技能每回合结束时受到2的伤害）【1吸魔牌（周围3*3对方单位不能使用技能每回合结束时被此单位吸魔）【1 光墙 ￥形态转换（攻3守4速3范1，不能使用“麻痹牌”，“毒牌”，“吸魔牌”）,自然回魔
5,刺客,暗,人类,抹杀的使徒,4,1,3,1,4,隐身 分身 ￥额外隐身 吸魔 过早的埋葬（4回合一次；将一个抹杀计数点放置在一个单位上；破魔） ¥抹杀（将场上所有单位上的此单位放置的所有抹杀计数点去掉，并对被去掉计数点单位造成计数点*1/4的破魔血量伤害） 回避,攻击两次；此单位范增加场上此单位放置的“抹杀计数点”的数量
5,骑士,炎,兽人,龙骑,4,4,3,1,5,龙息 召龙（攻3守5速5范4，飞行，占2*2，最多受到一格伤害；攻击范围3*3） 保护 龙斩（一回合一次；伤5格；带有破魔的链条效果） 链条,无
1,剑士,暗,灵体,销魂的死灵,4,0.5,5,1,2,穿刺 吸魔 ￥撕裂,物免；可穿人；飞行；弧形攻击；周围没有敌方武将时魔免
10,术士,木,精灵,妖精王奥尔贝隆,4,3,4,4,5,光墙 审判之石【0.5（一回合不费魔一次；攻0守无限速6范0；飞行；此单位与对方单位位置重合时，对对方单位和周围5*5给予5的伤害，然后破坏）￥世界之种（占4*4；攻4守8范3速0；被视为地形；妖精王在此单位上自然回魔）天锁【1.5（选定场上一个单位，在之后第二个对方回合开始时那个的单位受到以下破魔效果：无法移动；6回合；不可叠加）,飞行；此单位每回合开始时自动给予周围3的伤害
8,剑士,土,人类,过时的完美剑客。信,4,3,3,1,5,穿刺 保护 【0.5鬼步（移动2格，每回合最多使用3次） 聚气。拔刀斩（一回合一次；速度变为1；本回合内不能攻击；下一次攻击效果变为移动1格以后伤5，破魔，无法被回避）￥时。停（仅在对方回合，并且有对方单位位移停在此单为5*5内时才能随时使用；结束对方的回合，并且下个回合只有此单位可以行动） ,攻击2次；攻击吸魔；每回合将剩余的攻击数转化为那个回合防守回合的挡开攻击或技能的次数，破魔的攻击或技能对此效果无效
5,勇者,暗,兽人,D。黑豹,3,3,4,2,5,飞跃 模仿（一回合一次；使用周围11*11单位的一个技能） 回避,无
9,刺客,暗,恶魔,芙蕾,4,2,4,1,4,回避 吸魔 神速 隐身 狂杀【2（周围一圈）￥神刺（4格）￥附身（附着到一个单位8回合） 狮子神枪（4回合一次；对所有斜线方向伤害4格）,普攻吸血；飞行；所有技能破魔
3,勇者,土,人类,不败将军。弗里德,3,3,2,2,4,龙息 硬化 神速 保护 鼓舞（一回合不费魔使用一次；可以对己方单位（包括此单位）使用，被使用的单位此回合移动次数+1）,攻击己方加血；可格挡反击；自然回魔
6,剑士,水,恶魔,代行者。暮别,4,1,4,1,5,回避 吸魔 穿刺（大） 代行契约（附着在一单位上（己方），得到那个单位的一项能力值，一个技能）,无法被吸魔
4,勇者,风,人类,最后的守护者,3,4,3,1,4,龙息 飞跃 保护 ￥终结（使用后每回合血-1/4；攻+3；速+2；不受到此技能以外的伤害和效果；普攻破魔）,无
4,勇者,风,灵体,无常,3,4,3,4,5,魔盾 分身 龙息 ￥无常（使一个单位4回合不能使用攻击或技能）,攻2次；每次普攻带有“无常”的效果
10,剑士,风,精灵,飞王,4,3,5,1,5,神速（大）（6格） 震开 狂风【1.5（前方7*7所有召唤兽和分身破坏；隐身无效；所有非分身，召唤物单位尽量排列到此技能范围中点周围；破魔）穿刺（大）飞王大剑（开关技能；一回合一次；每个己方回合结束时魔-1，增加一次额外的3*3攻击）里次元大剑（开关技能；一回合一次；攻+2，速-2；增加特性：攻击对方单位时对那个单位周围15*15的对方单位给予溅射伤害(不伤害已经乘骑的单位)） ￥王者的看破（周围9*9在此回合内改变天气；天气的效果为：除“飞王”以外如果使用被动技能血将-3/4） 吸魔,不受到破魔效果影响；飞行；攻击吸魔；破坏一个武将后所有大招重置，并且速+1；
5,弓箭,土,人类,红衣,3,3,3,1,4,保护 隐身 致命之弓【1（范5；积累攻击伤害；4-5；积累回合不能攻击；下次攻击破魔）￥无限（四回合内攻击全场） ¥无限铠甲（物免；4回合） ¥无限法袍（魔免；4回合）,攻击两次
5,勇者,炎,人类,聚变人,4,4,3,1,3,回避 神速 穿刺 ￥核冲（开关技能；攻+1，攻击4格，移动到第5格）,攻击一周；被破坏后给予周围4的伤害
5,贤者,风,人类,夏目,2,4,2,4,5,加血 风壁 神速 驱散（一回合一次，周围11*11，召唤物，分身破坏，隐身无效）,攻击己方加魔
7,骑士,炎,兽人,亚伦,4,4,2,3,4,独角兽（攻4守5速5范1；普攻破魔）保护 穿刺（大）,此单位周围7*7的单位每个己方回合开始时血+1/4
6,法师,水,人类,拉奥魔导士,3,3,3,4,5,光墙 波导弹【1.5（4*4，远程；可以不用魔发动，此时伤害为2；一回合一次）,可以减1魔以外的能力使一次伤害不计算
5,弓箭,光,天使,樱火,3,3,4,2,4,回避 穿刺 飞跃 ￥浮游炮*4（攻4守2速4范5；被破坏后在下回合开始时召唤；不受到技能伤害）,可穿人
9,勇者,土,灵体,牛鬼,4,4,4,1,5,震开 妖刀。魔鬼【1（攻击3格，伤害分别为5，4，3；一回合一次）吸魔（大）神速 锁链 龙息 穿刺 ￥山神术。室王（魔无限，8回合）￥遁术。神山（守+2，血满，不能移动）（每回合魔+1，12回合；使用过程中自然回魔）,自然回血；可格挡反击
5,法师,光,天使,制裁者,3,3,3,3,5,治疗【1（加血；加魔） 光墙 远程龙息,飞行；自然回血；自然回魔；周围11*11天气变为“天空圣域”
8,狂战,炎,灵体,第七神龙。阿尔佐利亚,5,4,4,3,5,保护 变硬 核变【2（6*6） ￥重力场（扔三次硬币 范围=a*a，a=b*b*b；b = 扔硬币决定的数量，正=2，反=1；半破魔；具有破魔的吸魔效果）,占四格；自然回魔；飞行
10,狂战,土,人类,赫拉克罗斯,4,5,3,1,5,地裂【1.5（2*6）震开 硬化 锁链 飞跃 ¥怒斩（3*4） ￥八命（使用后此单位获得以下特性：每破坏一次，原地除此技能重置以外满状态复活；计数＋1；当计数为8时此技能无效）,占4格；每次受到对方伤害，直到下次普攻攻+1；攻击一周或者攻击两格；此单位受到的远程伤害－1；自然回复；普攻破魔
5,法师,炎,人类,罗杰特,3,3,2,3,5,血墙*2（2回合一次；或用1个魔发动） 爆破【1.5（2*2） 血雨（2-5个魔发动2*2-5*5的范围攻击） ¥顿悟（将此单位变为“罗杰特。梅丽”8回合,飞行
5,勇者,暗,人类,独行者四月一日,3,3,3,3,4,回避 保护 神速 穿刺 吸魔 催眠【1（使对方移动或攻击或放出一个技能） 欺骗空间（使一个单位消失4回合后原地出现，在那个单位出现前得到那个单位的一个特性；魔力点-1；随时发动）￥豪夺（破魔；夺走一项特性或技能）,此单位以外针对此单位的技能费两倍的魔；攻击+1魔力点
5,勇者,水,水族,发条鲨,4,3,3,1,3,保护 发条（魔力点+2；一回合一次） 穿刺 倒刺（攻击或对此单位使用技能的单位受到4的伤害；2回合；魔力点-1） 脉冲（魔力点-3）（2*5）,无
6,剑士,暗,石人,苍枪,4,4,3,1,5,保护 神速 硬化 穿刺（最大） 锁链 诅咒之铁（6回合可以不用魔使用一次；范5；得到一个对方武将上一次使用过的主动技能；那个技能最多使用3次；破魔）,每个己方进攻回合可以不用魔使用一次技能；魔免；攻击3格；普攻带破魔的锁链效果；飞行
6,弓箭,风,天使,翼神,3,3,4,4,5,远程穿刺 圣箭【1（一回合最多使用一次；伤害一格，带有以下破魔效果：速-1）￥折翼（不能飞行，魔+4）保护 ¥天使之翼（此单位周围5*5的己方单位物免；6回合；使用“折翼”后此技能重置）,飞行；此单位在场上时被视为名字里带有“天使”的单位
4,勇者,土,兽人,钢钻甲的人形鼠,3,3,4,1,4,保护 飞跃 穿刺 钻地【1（使用后两回合无敌，并且不能移动，每个进攻回合结束时移动5格，第三回合开始时攻击周围7*7之内的一个单位；破魔；攻击后移动到攻击对象身边）,无
7,刺客,水,人类,忍医。佐井,3,1,5,1,5,回避 神速 点穴【1（目标随机一项能力+1；10回合；一回合一次）无缝之缝补（一回合一次；目标魔-3，若没有3个魔则不能发动；两回合后血满魔满；对象在状态全满前守+2） ￥撕裂,无
6,狂战,土,石人,无名的岩石兵,3,4,2,1,4,变硬 穿刺 震开 巨大化（速+2，攻+1，守+1；魔力点-1；2回合）,受到攻击魔力点+2；不攻击的回合结束时直到下次攻击攻+1到4；自然回血；满血受到致命伤害时剩1/2的血；攻击此单位的单位在下一个进攻回合无法攻击）
3,法师,冰,精灵,矮人法师,4,1,1,4,5,冰刺（大） 冰墙 ￥冰熊*2（攻4守5速4范1；可被“矮人法师”乘骑；乘骑此单位的单位自然回魔）,无
4,剑士,风,兽人,次郎坊,4,3,3,1,3,穿刺 保护 百鸟葬（4回合一次；3*6；伤=此单位攻+2）,无
5,勇者,雷,兽人,光子朗,3,3,4,1,4,回避 穿刺 ￥光子化（使对方对此单位造成的伤害无效并且之后6回合攻+2）光子推进（8回合一次；移动到有单位为止；之后6回合速度变成1） ￥光子圣域（在进攻回合有两次机会把己方单位移动到此单位周围）,无
4,勇者,土,人类,魔王,4,4,3,3,5,机枪（需要装填一回合后不费魔使用） 通吃【1.5（2*4） 保护 神速,每回合开始时选择一个破坏的己方武将并获得那个武将的特性2回合；对此单位使用技能的对方武将魔-2，到0
5,剑士,光,精灵,沉默剑士,4,3,4,1,4,飞跃 保护 穿刺 分身 祭纳之剑（一回合2次；四格，伤害分别为5，4，3，2；一回合一次）,无
5,狂战,木,灵体,复仇之种,3,4,3,1,5,隐身 复仇【1（当队友被破坏时次技能伤害*2；破魔，无法被回避） 回避 ,当受到伤害时将伤害除以2平分到此单位和对此单位造成伤害的单位上
6,狂战,土,人类,巨大的战士。窝金,4,5,4,1,3,神速 变硬 保护 穿刺 ￥气息炮（6格） ￥震波（一周2格）,占4格；对此单位近身攻击或使用技能的单位被弹开一格；血在3/4以下时重置大招；自然回复
7,法师,暗,飞龙,暗之支配者。黑炎龙,4,4,4,4,5,震开 烈风【1.5（2*3；身前）￥黑炎弹（4*4；半破魔）Total Ellipse(一回合一次；投3次硬币，3次都为正则6*6，1-2次为正则3*3，0次为正不发动并且魔-1.5；使用后重置大招）,自然回血 占四格 飞行 不受范围伤害
4,刺客,暗,兽人,暗刺,3,2,4,2,4,¥暗影部落（复制3个自己；破坏一个武将后所有此技能召唤的单位破坏，此技能重置） 隐身 ,普攻破魔；此单位使用隐身后场上所有己方的同名武将变为隐身状态
6,贤者,光,精灵,魔导神官,3,1,3,3,5,瞬移（4回合一次） 大魔法。传送（4回合一次；仅能对己方单位使用，使用时宣言一个位置；那个单位4回合后不能行动，无敌，在第四个回合结束时尽量瞬移到宣言的位置5*5范围内） 光墙 回魔 大魔法。纹章（一回合一次；5*5，己方回复（大））,自然回魔
4,剑士,木,人类,神裂,4,3,3,1,4,穿刺（大） 保护 飞跃 一闪（8回合一次；4格；随时使用；伤害为此单位攻+1）,
4,刺客,暗,恶魔,蕾米,4,2,4,1,6,回避 隐身 穿刺 ￥混沌（一周） 蝙蝠（2回合一次；攻3守1速3范1；飞行）,飞行；吸血；此单位当血量为0时不会被破坏，而是剩1/4，魔-1；普攻吸魔
8,刺客,暗,精灵,污浊之伞。塔尔,4,1,1,1,4,￥撕裂 穿刺 神速 ￥救赎（攻-3，所有单位无法对此单位使用技能，也无法针对此单位的攻击使用技能）回避,周围21*21所有单位速度变为6减去原来速度的值，周围21*21内隐身无效
9,法师,炎,精灵,凤凰,3,3,4,4,5,光墙 ￥殆尽（周围15*15）新生（攻+1，攻击两次，15*15范围内都可以攻击到，不能移动，无敌；每回合魔-1.5，回合开始时不够时强行变为原来状态）石像鬼(每8回合一次，攻0守3范1速3；在此单位周围的己方单位在攻击回合结束时魔+1),魔上限10；不受到技能伤害
4,勇者,炎,人类,莉狄雅,3,4,3,1,3,震开 神速 穿刺(大） 气息（4回合内，所有周围单位守-1） ￥决斗（在周围11*11内选择一个对方单位；此单位只能对那个单位造成伤害；并变为“里。丽狄娅”；那个单位破坏后此技能效果结束）,普攻半破魔，弧形攻击
8,勇者,炎,兽人,年兽,4,4,3,3,5,神速 保护 龙息（大）龙舞（魔+4，血满，四回合一次）￥灵压（6回合）（攻+1，守+1）怒吼（4回合一次；破魔；被击中单位单位只能对此单位造成伤害；4回合）,自然回魔；自然回血
7,剑士,暗,灵体,深渊,4,3,4,1,5,保护 黑洞（2魔以上，含2魔，使出？*？的范围攻击，遇到保护和魔墙给予半破魔的伤害；破坏地形） 变硬 神速 分身 飞跃,双向攻击；在给予单位伤害后附带破魔的吸魔效果；黑洞对于武将或召唤物以外造成的伤害不会计算在内；魔上限9
4,剑士,土,兽人,豹头人,4,3,4,1,4,神速 飞跃 回避 啃咬【1（破魔；6回合内使对象强制移动，保证对象一直在此单位周围，任意一方受到伤害就打断，豹头人攻击或使用技能也打断，自己也可以选择打断，过程中此单位被啃咬对方单位不能攻击或使用技能） ¥兽族奔袭（移动6格）,无
5,术士,炎,人类,爆炎使者,3,2,1,4,5,飞跃 【1炎巨人（攻4守4速3范1；攻击两格；有一次保护；4回合可不费魔召唤一只）【2爆裂（3*3；击中没有单位的区域时在那个区域尽可能多的召唤“炎巨人”）￥加血（全场）炎墙,自然回魔
4,贤者,暗,兽人,D。毁灭小子,2,4,2,3,5,神速 光墙 加魔 吸魔 纠缠【2（6回合 被击中后，每回合被吸血，吸魔；破魔）【1.5虚灵（使一个单位不能攻击，物免，并且受到2倍的技能伤害，回复效果，和吸魔吸血效果；破魔；4回合）,自然回魔
8,飞龙,光,飞龙,光与暗之龙,3,4,4,4,5,龙息 光墙 分身 神光（随时使用；费现血量的一半发动；使一次技能无效化）¥混沌秩序（8回合；“神光”范围变为全场）,攻击2次；魔免；飞行；也可以当成暗属性
4,剑士,风,鸟人,鹰,4,3,3,1,4,穿刺 （大） 分身 回避 链条 【1夜叉（破魔；无视魔免；被击中后不能移动或使用主动技能或回避） ￥天空纽带（范10；只能对直线上最近的己方单位使用，将那个单位直线移动到此单位周围，并且那个单位次回合内增加特性“飞行”）,飞行；弧形攻击；此单位；每回合少移动的格数加到速上；速最高7；攻击后速重置
4,刺客,暗,兽人,黑猫,3,2,4,1,5,飞跃 回避 穿刺 隐身 猫手（一回合一次；攻击一周，并且有破魔的吸魔效果）,无
4,剑士,土,兽人,石猴,4,2,5,1,4,吸魔 飞跃 回避 ￥石化（速2守4；可以在回合结束时取消） 分身*8,攻击2次；每次攻击后在周围9*9内召唤一个分身
5,勇者,钢,兽人,狼王,4,3,3,1,3,召狼（一回合一次；攻3守3范1速5；魔免；可被“狼王”乘骑） 保护 龙息 吸魔,攻2次；攻击有1/2几率伤害+1；此单位乘骑的“召狼”有1/2几率使受到的伤害无效
6,机甲,钢,机甲,月面兽。正义盟军,3,4,4,4,0,机枪 离子盾 脉冲（前方5格；1回合一次） 闪光弹（3*3；攻-1，速-1，攻击有1/2几率无效；到1；6回合；一回合一次）,破坏后打一周；每次攻击或主动技能都会重置次单位的移动次数；周围每次有对方单位使用技能，直到下回合结束攻+1
5,狂战,水,水生,天蟹,3,5,3,1,3,神速 吸魔 穿刺 保护 天罚（4回合一次；5*5；挑选被击中的对方单位一个技能不能使用）,弧形攻击
8,贤者,光,人类,王国的公主。阿摩纱,1,1,2,3,0,天机（1魔免，2任意一项能力+2，3每回合多攻击一次，4范+4，5自然回血，自然回魔，6任意能力+1；随机使己方单位获得以上的辅助效果；一回合一次；可以对场上任意己方单位使用；效果不可叠加；效果持续6回合；若随机到第六项辅助，则再随机一次，若还是六，跳过对方回合）￥阴谋（自己使用‘天机’时才能使用；指定一次‘天机’的辅助效果）神盾（墙；一回合2次；只能对自己使用；被挡住攻击或技能的单位攻-1）神隐（隐身；4回合一次）,无
3,狂战,冰,兽人,雪巨人,3,4,1,3,3,神速 变硬 保护 雪崩（4回合一次；2*6）¥大雪崩（将天气变为“大雪崩”；10回合）,无
7,勇者,雷,人类,操作手。侠客,2,3,4,1,5,神速 飞跃 保护 穿刺 ￥电子波纹（攻守速+2，魔免，特性无效，只能攻击和技能最近的敌方单位，无法取消）,此单位对对方单位造成1/8以上伤害并没有破坏对方的情况下，对方魔归零，守+3，并得到该单位控制权，10回合后回合结束时该单位破坏，对被骑乘的单位和李源无效； 魔免
10,勇者,钢,人类,无能王。西莱,4,4,3,4,5,硬化 龙息 震开 神气（魔力点+1；一回合一次） 双腔龙（攻2守3速3范3；受到此单位伤害的单位下回合速-1；魔力点-1） ￥王道（魔力点+8） 愤怒（全能力+1；4回合；魔力点-2） 怪力（周围5*5，；使用后血+1/2；魔力点-2；）,自然回魔；每次使用主动技能后当回合移动次数重置
2,勇者,暗,鸟人,D。乌鸦,1,2,2,1,1,保护 切（8回合一次；对方场上任意一次攻击或技能或移动无效）,无
6,术士,土,人类,虫师。仁,0,3,1,4,5,保护 吸魔 巨蝉（可乘骑；飞行；攻0守4速4范3被攻击的对象魔-2并且4回合不能使用技能）苦虫【0.5（攻1守3速3范2；吸魔（大））怪虫【0.5（攻3守4速3范1；可隐身一次）￥幻虫。喷霞虫（攻4守5范4速0，每个进攻回合结束时在周围召唤一只苦虫或怪虫；占4格）,自然回魔
5,法师,暗,兽人,哔库,1,2,2,1,5,神的左手，魔的右手（一回合一次；发动此技能时右边一定要有单位；召唤一个和右边单位能力值特性相同的单位在左边；此单位可得到右边单位的一个技能，召唤的单位在10回合结束后破坏；一回合一次） 保护,不受技能伤害
6,勇者,土,兽人,拳击袋鼠,3,3,3,2,4,回避 飞跃（6格） ￥地裂（4格；伤=血*1/2） 兽化（一回合一次；开关技能；攻+2，范-1，守-1）,攻击2次；第二次攻击破魔
5,法师,风,灵体,魂之操纵者,1,3,3,4,5,操纵【1（控制敌方一个武将6回合；被控制武将只能在此武将周围9*9范围内行动；那个单位在被此技能作用时不受到己方伤害） 保护 隐身,自然回魔；此单位在隐身时特性无效
7,剑士,暗,精灵,式,5,3,3,1,4,穿刺 冲刺 飞跃 回避 ￥心眼（破魔；不可被回避；无视魔免；将一个单位移动一格，或者在此回合结束前令那个单位无法使用技能） 视死之眼（6回合一次；无视魔免；范5；被击中单位受到破魔的效果，之后6回合不能移动，普攻，和主动技能）,反隐；攻击吸魔
4,刺客,雷,恶魔,ID变更者,3,4,2,0,5,吸魔（范3） 穿刺 保护 阵营转移【5（将此单位的控制权交给对方）,普攻伤害+1；范围无限；不会受到己方伤害；飞行；每回合开始时必定攻击离此单位最近的己方单位；普攻破魔
8,狂战,土,兽人,骆驼犬,2,4,3,1,3,保护 体脂强化【0.5（守+1；6回合） 重甲【0.5（速-2；受到普攻伤害-2）龙息 低吼(范13*13；对方攻击或使用技能时随时使用；瞬移到此单位周围，目标转为此单位；一回合4次） ,自然回血；此单位受到的技能效果无效。威力减半
5,机甲,雷,机甲,超量机械王,3,4,3,3,0,钢加农（攻4守7范3速1；6回合一次） 离子盾 机枪 ￥磁暴（无视魔免；周围两格给予4的破魔伤害；并且带有以下破魔效果：速-1；魔免无效）,占4格
6,勇者,暗,恶魔,D。龙骑,4,4,4,1,5,龙息 神速 吸魔 分身 保护 ￥分裂（复制一个自己，不共用魔）恶龙诅咒（4回合一次；持续8回合；范6；破魔；被击中单位每次攻击都魔-1，此单位魔+1；每次使用主动技能后在那个单位周围召唤一个“恶龙幻影”，与那个单位能力值，特性相同，只能对那个单位造成伤害，并且在那个单位破坏时破坏；不可叠加）,飞行
10,剑士,暗,灵体,妖之末裔。零食鬼,4,3,4,d,5,回避 神速 吸魔 秘术。移（6回合一次；选择一个单位，在第5个回合开始时移动到那个单位身边） ￥秘术。化（攻守速+1；6回合；并且复制一个自己；共用魔；共享回合技能数限制；此技能效果不能叠加，再次使用则先破坏上一个召唤的复制体） 秘术。刺（6回合一次；7格；任意转向；不能重叠） 恐吓【1（对方4回合不能攻击或技能；一回合一次） 秘术。印（6回合一次；破魔；使对方此回合使用过的被动技能不能发动；6回合） 妖术。百鬼夜行（6回合一次；投骰子，并且召唤骰子点数数量的“厉鬼”；召唤的“厉鬼”能力值始召唤终与此单位相同，魔为0，并且可以在召唤回合行动）,每破坏一个对方武将，重置大招
6,弓箭,暗,人类,读心者玛娜,2,3,3,4,6,读心术（随时使用；范围是周围9*9，并且可以连锁影响到此单位的攻击和技能；对方攻击或技能无效，并同时受到同样的伤害和效果；对方在隐秘处写下0或1，己方猜；猜对的情况下，上方效果发动，并且得到对方使用的技能；猜错的情况下，此单位使用震开，魔-1） 飞跃,魔上限9；此单位的技能可以对坐骑上的单位使用；不受到攻击和技能以外的伤害
8,勇者,光,灵体,白王。白薙,3,3,5,1,5,回避 飞跃 震开 龙息 ￥白风结界（8回合；所有单位无法接近） 先知梦（6回合一次；夺取对方一个主动技能；6回合）,攻击吸血吸魔；攻2次；可格挡反击；只受近身伤害
1,勇者,水,人类,李〇,2,2,4,1,0,￥友情一击（对目标造成1的伤害，破魔） ￥爱情一击（对目标造成1的伤害，破魔，无法被回避） ￥基情一击（对目标造成1的伤害，破魔，无法被回避，无视魔免） ￥TALKSHOW（使用后攻守交换） YUAN4~~~（一回合一次，使用后将场上名为李〇的武将全属性+0.5，计算的最终结果向下取整） 回避,飞行，自然回魔；曾经31岁单身，自带哥布林的秘药，进场时自带2个魔力点，场上有肌肉.介明.张的时候飞行特性无效
7,弓箭,暗,精灵,逆光之月。猎手,3,3,3,4,5,导弹针【2（一回合可以不费魔使用一次；攻击1-5次） 保护 穿刺 神速 ￥锁定（破魔；无法回避；命中后被命中的单位无法回避此单位的攻击，技能） ￥变形（守-1，速-1，范+2，攻+1） 吸魔（大） 【1尖刺护盾（被动技能；保护一次攻击或指向技能；并对攻击和技能的对象造成此单位攻击力的伤害；一回合最多使用2次）,魔免
2,勇者,土,机甲,古代机甲,3,3,2,1,3,穿刺 保护 古代融合（选择场上己方一名名字里带有“古代”的单位；此单位破坏；那个单位攻守速+1获得此单位特性；）,可格挡反击；普攻带有以下的破魔效果：对方守-1，此单位守+1
6,勇者,暗,恶魔,冥府使者,4,4,3,1,5,魔种【2（6回合不费魔一次；攻3守3速3范1；普攻版破魔；可吸魔；可隐身2次；被此单位破坏的单位原地召唤‘魔种’)  魔府培育（一回合一次；减去自身1/4的血增加自己召唤的所有‘魔种’一项能力值，可以叠加）保护 神速 飞跃 穿刺 分身,普攻带有破魔的吸血效果；场上每有一个此单位召唤的‘魔种’被破坏，此单位血+1/4；此单位在此单位召唤的‘魔种’周围不会受到技能效果影响
7,弓箭,光,天使,天使则拉,4,4,4,3,4,保护 神速 分身 穿刺 堕落之血（每回合最多使用一次；血*1/2；魔力点+2）神秘仪式（魔+3；魔力点-2） 坠天【2（攻击4格；移动到第5格；并且途中没有单位的格子召唤分身）,飞行
6,术士,水,恶魔,毒王,2,4,2,3,5,震开 召唤水蛭*5【0.5（攻2守1速3范1；一回合一次依附在一个单位上（破魔）） 毒性液体【1（7格；破魔；被击中的单位个进攻回合开始时受到1的伤害；之后每次被击中伤害+1，到3）,自然回魔
4,勇者,火,机甲,魔神凯撒,4,5,5,4,4,穿刺（大） 硬化 保护 凯撒神拳（6回合一次不费魔使用；范1；伤害为攻+1；带有破魔的吸魔效果）,飞行
6,剑士,火,人类,绯色,4,3,3,2,3,回避 硬化 神速 保护 ￥雾剑。启动（使用后攻变为1） 雾剑。凝固（一回合一次；仅可在攻为1时使用；对周围一个次回合内没有攻击和技能过的己方单位使用，那个单位此回合内不能攻击或技能，然后此单位攻增加那个单位的攻的数值） ￥雾剑。缠绕（仅可在攻为1时使用；破魔；击中单位瞬移到那个单位当前位置周围7*7以外的任意位置，那个单位不能移动，或使用位移技能；6回合） 雾剑。迷幻（一回合一次；随时使用；仅可在攻为1时使用；召唤“雾气”：攻0守0.5速0范0，魔免，此单位周围的对方单位不能使用主动技能）,普攻是2*6的弧形攻击；或者攻击范围4；吸血；半破魔
4,弓箭,雷,灵体,杂音,3,3,4,2,4,回避 干扰（2回合一次；10*10内所有分身破坏；控制权转为此单位） 穿刺,自然回魔
6,法师,暗,灵体,梦魔,2,4,1,4,5,神速 镇定【1（使一个单位除了魔以外回到原始能力值） 回魔 魔墙 哈欠【1（使一个单位不能移动；每个此单位的攻击回合开始时回合血+1/4，魔-1，此单位魔+1，直到任意一方被普攻击中） 入梦（开关技能；一回合一次；守-2，攻+2，范+2，速+2）,自然回魔；每次造成伤害重置‘入梦’
6,法师,冰,灵体,雪女,3,4,3,3,5,分身 变硬 冰墙 菱撒【1.5（1回合一次；仅可对己方单位和此单位使用；对攻击或技能被菱撒单位的单位给予3，4，5的伤害） ¥吹雪（2*6；破魔；伤3；被击中单位有1/2几率守-2，到1）,自然回魔
9,法师,光,人类,英雄王,4,3,3,5,7,保护 飞跃 光墙 远程龙息 无尽之宝（1-7格；费1-7魔；破魔） 吸魔 ￥王之座（攻4守5速7范1；可乘骑；占2格；飞行） ￥EA（选择6*6的范围；下个进攻回合开始时此范围消失）剑之咏叹调（￥范变为1；职业变为“剑士”；破坏“王之座”并未取消“王之座”技能；之后每次攻击给此单为放置一个魔力点） 咏叹之铠（魔力点-1；仅可在职业为“剑士”时使用；不受到3以下的伤害，并且破魔效果对此单位无效； 6回合；不可叠加） X神速（一回合最多使用一次；仅可在职业为“剑士”时使用；花费任意魔力点使用；移动魔力点数量*4格） X斩击（6回合一次；仅可在职业为“剑士”时使用；此回合变为攻2次，弧形攻击；如果此单位攻击被对方技能影响，则下一次普攻破魔）,自然回魔
6,刺客,暗,精灵,Qreener,4,2,5,1,5,隐身 保护 飞跃 闪烁突袭(一回合一次，可在己方和敌方回合使用，瞬移到周围11*11范围内的单位周围，如果是敌方单位则对其造成两次普通攻击),攻击2次；每次普通攻击后有1/3机率发动以下效果：此回合移动和攻击次数+1，并且在下次攻击时攻+1，普攻半破魔；每次收到伤害时有1/3机率使伤害无效并且移动两格
4,勇者,暗,人类,被称为黑王子的男人,3,3,3,1,5,保护 神速 吸魔 穿刺 黑暗之臂（4回合；攻+1；攻击带有破魔的吸魔（大）效果；攻击2*2；不可叠加；魔力点-1） ￥黑仪式（攻击一周；中招之后不能回血； 使用后魔力点+2）,可格挡反击；每使用一次魔，魔力点+1
5,狂战,光,石人,阿修罗,3,4,4,1,4,保护 神速 穿刺（大） 硬化 ,不受到技能伤害；自然回血；4方向攻击；使用魔的时候有1/2几率不费魔；每次受到伤害都有1/2几率下回合攻击次数+1
6,狂战,土,石人,山岗护卫,3,6,3,2,3,【1巨型飞跃（飞跃5格，之后在回合结束前此单位所有伤害半破魔） 震开 龙息 硬化 ￥岩崩（3*4） ¥岩石风（9*9；破魔；被击中单位速降到1；无伤害；10回合）,占3*3；在自己回合不攻击时攻+1，最高到6；攻击后攻重置；最高受到2格伤害；普攻吸血；破坏一个对方武将后大招重置
5,骑士,暗,灵体,恶灵骑士,3,3,2,2,4,僵尸马（速3守5） 吸魔（大） 穿刺 保护 ￥腐尸兵（杀敌后，在尸体上召唤；攻5守1速2范1；拥有技能：腐烂气味：范3；破魔；被击中单位下回合速-1，到0；破坏单位后在破坏的单位原地召唤“腐尸兵”） 【2.5腐烂之宴（破坏一个此单位召唤的‘腐尸兵’然后在原地复制一个次单位；魔共用）,无
6,狂战,木,恶魔,魔人,3,5,3,1,5,震开 硬化 穿刺 飞跃 ¥狂暴连击（向一个方向攻击投骰子的数量）,占4格；可以使用对此单位造成伤害的技能；可被己方占一格的法师武将乘骑，那个武将使用的位移技能可作用于此单位
4,剑士,风,人类,E。前锋侠,4,3,4,1,5,风（穿刺大） 旋转【1.5（攻击1周）回避 冲锋（一回合一次；冲刺） 神速,飞行；弧形攻击；回合开始时周围7*7没有己方单位的回合内攻+1，速+1；每次位移之后加一次本回合内不费魔使用‘旋转’的次数
9,狂战,土,石人,地震巨人,4,4,3,2,5,神速 飞越 锁链 震开 龙息 能量刃（4回合一次；4格，4方向，半破魔） 变硬 ￥诸神的黄昏（使用后魔+1；10回合内攻守速+1，并且自然回魔，自然回血）  ¥大地的裂变（10回合；此单位周围7*7的单位受到的血量伤害*2，并且速-2，并且不能使用主动技能）,4方向攻击；此单位对其他单位造成伤害后血+1/4；每破坏一个等级7以上的对方武将，重置大招
4,勇者,光,灵体,时间行者,3,3,4,2,5,回避 穿刺  时间跳跃（一回合2次；选择一个位置，掷硬币，两次都为正的情况下移动到那个位置） ￥￥时间回硕（仅可以对己方单位使用，那个单位回到位置，血，魔回到回合这个己方回合开始时的情况）,被此单位伤害的单位有1/2几率下回合不能行动
7,弓箭,木,精灵,游侠,3,3,5,5,5,回避 【0.5奥术（选择一个地方移动到那里）  ￥电子列车（移动8格；任何时间）,此单位分身可以攻击，使用被动技能，分身攻击后破坏；此单位对对方单位攻击时投色子，如果是点数为偶数，召唤投出点数的分身在周围；自然回魔
3,剑士,暗,恶魔,地狱的银角,4,3,3,2,4,穿刺（超大） 震开 神速 魔压（震开；魔为0时可以每回合不费魔使用一次）魔枪（穿刺；魔为0时每4回合可以不费魔使用一次）¥地狱毁灭（只有复活后才可以重置并使用此技能；周围9*9的对方单位受到3的破魔伤害；并且在下个进攻回合不能行动）,此单位被技能破坏后，下个对方回合结束时以魔0的状态召唤到对方任意单位的周围
6,法师,光,人类,神气魔导师,3,3,3,4,5,光墙 回复【1（加血加魔） 神圣恩惠（一回合一次；使用场上使用过的一个技能；一个技能只能通过此技能使用一次）,自然回魔
7,                    法师,钢,人类,钢铁法僧,4,4,3,5,5,光墙 回魔 龙息 魔法弹珠机枪（一回合一次；攻击方式转变；攻-1；攻击打4下；被击中单位被此单位吸魔，如果那个单位魔为0此单位仍然魔+1） 热力重狙（一回合一次；攻击方式转变；范+3；攻+1；攻击半破魔 ） 光栅炮（一回合一次；攻击方式变为4*4） 幻象弹（一回合一次；改变攻击方式；攻-1，被击中的单位受到以下破魔效果：按此单位宣言的方向尽可能移动4格） ￥末世的死亡射手（6回合；此单位技能的“改变方式”变为“在当回合叠加”）,自然回魔；占4格
4,骑士,炎,兽人,红龙,4,3,1,2,4,红龙（攻3守5速5范4;每个己方回合开始时和结束时都对周围7*7造成此单位召唤者攻的伤害；） 爆破（龙息） ￥热风（回合开始时周围7*7，那个范围内的对方单位有1/2几率攻击或使用主动技能失败；8回合） 保护,无
7,勇者,风,兽人,超时空霸者。天门,4,4,4,1,5,裂空拳【1.5（3*3；被此技能攻击的空间出此单位外不能进入或离开8回合） ￥时间混沌（范围全场；除此单位外速-3；8回合） 龙息（大） 穿刺（大） 神速 保护 空间末梢（一回合一次；瞬移到被此单位攻击或技能影响的空间中的一格）,此单位的攻击和技能针对单位和空间；被此单位攻击的空间下回合除此单位外不能进入或离开；此单位在被此单位攻击和技能影响的空间中自然回魔
6,勇者,光,天使,诚实天使欧内斯特,3,3,4,3,5,吸魔 神速 龙息 分身 ￥净化（使对方一单位魔-5）¥神圣决斗（破魔；被击中单位无法移动和主动技能；10回合）,飞行；物免
5,剑士,光,人类,星辰,4,3,4,1,6,流星【2（6格） 神速 星辰步（6回合一次；本回合可以移动2次；并且每次位移都可以在位移前的位置召唤一个分身） 保护 ,可格挡反击；每次普攻之后都会在周围尽量召唤一个分身
5,剑士,暗,人类,异次元行者,3,3,3,1,5,飞跃 传送点【0.5（攻0守1速5；可以隐身一次） 传送【0.5（一回合一次可以不费魔使用；移动到一个传送点旁边；随时使用）穿刺（大）【1巨力空洞（每个“传送点”周围7*7的对方单位受到一下破魔效果：最短距离移动到传送点周围，并且4回合不能移动） ￥￥大传送点（守无限；给予周围的单位以下技能:一回合一次，移动到另一个“大传送点”周围）,在不行动的回合，魔+1
5,狂战,暗,恶魔,则拉,4,5,2,4,5,神速 石墙 震开 硬化 远程龙息 魔性吸收（一回合一次；破魔；范6；3*3；击中单位向此单位方向尽量移动4格直到移动到此单位周围；被影响的单位受到此单位的普攻伤害半破魔）,占2*2；自然回血；自然回魔；攻2次
8,刺客,暗,人类,雷伊,4,2,5,2,4,【2回旋（对周围对方单位造成伤害）  分身 飞跃 回避 穿刺 ￥撕裂 邪恶视线（4回合一次；可对场上任意一个单位使用；在回合开始时不再此单位周围5*5的回合速-1，到1；破魔；4回合）  杀人鬼之力（4回合一次；选择场上一个对方单位；此单位回合开始时在那个周围5*5以外的回合速+1；4回合） 杀人微步（4回合一次；选择对方一个单位；此单位在那个单位周围5*5范围内每次位移都会在位移轨迹召唤一个分身；4回合）,可穿人；魔免；此单位被作为攻击对象的同时有1/2机率不费魔使用一次“回旋”；此单位对血量为1/2以下的单位普攻破魔
5,刺客,暗,人类,零崎,2,1,14,1,3,回避 分身 冲刺 【1（移动前方8格） ,穿人有伤害；穿人魔+0.5
4,勇者,水,灵体,黄泉,3,3,3,2,5,三倍速（4回合一次） 龙息 保护 ￥腐化（6回合；不能用魔；攻守速+1）,此单位进攻回合可以在任意时间点移动
6,剑士,土,人类,盲人剑士,6,4,1,1,9,回避,一回合内不限次数移动；需要用一个魔走一格；自然回魔；普攻破魔；攻击一周；普攻被回避后攻击次数重置
4,勇者,风,恶魔,契约恶魔,3,4,3,1,5,旋风（穿刺大） 保护 神速 锁链 恶魔契约（一回合一次；只能对己方武将使用；那个单位和此单位攻，守+1，每回合只能使用一次主动技能；再次使用则取消上次使用的效果）契约解除（选择此单位一个特性，直到下个己方回合开始时取消那个特性，重置本回合的攻击数）,飞行；可格挡反击;在对方回合结束时血+对方武将数*1/4；对方回合结束时此单位魔+对方武将数
6,法师,木,人类,仪式巫女,1,3,2,5,5,光墙 【1固有结界（每回合开始时才能发动；本回合内速+2，并且可以随时移动） 仪式。式神（“→↙↙→↑” 攻4守6速4范3；占4格；每次攻击都1/2几率重置本回合攻击数和移动数） 仪式。气流（↑↓←→”横竖5格；伤4；带有以下破魔效果：攻-1，速-1，到1，不可叠加，6回合）  仪式。八方（“→↗↑↖←↙↓↘”6*6；伤5；半破魔）  仪式。双蛟（“↘←↑→↓”2*10；伤5，带有以下破魔效果：守-1，不能使用主动技能，不可叠加，6回合） 仪式。世界（“↓↖↗↘↙↑↑↓←→”跳过对方一个回合）,此单位每次移动都会根据移动方向记录都会以一下符号”↑↓←→↖↗↘↙“记录在“记录”中；技能说明中的引号内部分是该技能的“条件”；只能“条件”在“记录”中存在才能使用（不费魔）；使用带有“条件”的技能后将“记录”内使用技能的部分去掉；此单位的范围技能范无限
4,刺客,风,人类,风魔,3,3,5,1,4,隐身 吸魔 追身（4格，移动到第5格；破魔；6回合一次） 陷阱【0.5（一回合最多使用一次；周围的单位受到3的破魔伤害） 回避,每次使用主动技能都有1/2几率魔+1
6,术士,雷,虫人,蜂王,2,4,3,3,5,保护 紫蜂【0.5（每个己方回合开始时可以自动在周围召唤2个；攻2守1速4范1；每个攻击回合开始时在身边召唤一只；破防；飞行） ￥蜂巢（6回合；紫蜂攻+1）【1.5蜂反（重置“蜂巢”）,飞行；自然回魔
5,术士,光,天使,禁术使用者。光,1,3,3,1,5,保护 光墙 禁术。灵媒术（一回合一次；血*1/2发动；召唤在战斗中破坏的单位；被召唤单位不能离开此单位周围9*9的范围；此单位获得任意破坏单位的一项能力值，一个技能或一个特性）,无
5,法师,炎,人类,太阳神,3,1,1,3,5,石墙 爆炎（龙息） ￥审判（远程；10*10；威力6；半破魔；无视魔免；破坏地形）,无
2,法师,风,鸟人,幻象鸟,1,3,4,1,5,回避 神速 幻想（破魔；无法回避；一回合一次；使对方单位移动4格） 吸魔 彩虹镜【0.5（使己方一个未移动的单位移动到此单位周围；那个单位此回合不能移动） ￥友好镜（10回合内不受到攻在3以上的单位的攻击和技能和伤害）,飞行
7,狂战,钢,虫人,劈斩司令,4,5,4,1,4,穿刺 保护 变硬 脱甲（守-1；移动3格） ,可格挡反击；此单位反击时的效果为对周围所有对方单位造成此单位攻击力的伤害；格挡时的效果增加直到下个己方回合结束前守+1，到7；攻击守比次单位高的单位时，追加攻击一次；每次攻击都有1/3几率魔+1，血+1/4
4,骑士,钢,恶魔,街道恶魔,4,3,1,2,5,摩托车（守3速8；可穿人，穿人给予3的破魔伤害） 暗影锁链（10回合一次；6回合；破魔；被击中单位和此单位不能移动，攻击，主动技能，并且被击中单位尽量与此单位保持距离在3格之内（在超过3格时尽量随着此单位移动的方向移动）） 飞跃 链条 穿刺 保护,无
7,勇者,钢,人类,铁腕罗迪克,4,3,3,1,4,飞跃 穿刺 震开 钢拳（8回合一次；2*3）¥DANGER！危险气场（周围11*11的单位无法回避；10回合）,此单位不移动的回合结束时攻+1，守+1；攻击或使用技能后攻守还原；所有伤害半破魔
6,弓箭,炎,天使,弗朗西斯,4,3,3,4,5,远程穿刺 神速 保护 【1灼热之箭（对击中单位给予伤害，并且带有以下破魔效果：每回合魔-1，血-1/8；6回合；此技能不给予致命伤害）,飞行；每个己方回合结束时魔+5；“神速”的每回合使用次数无限制
6,勇者,暗,恶魔,恶作剧的双子恶魔,3,3,3,3,5,保护 神速 【2光环（可在6回合内使自己的和一个已破坏单位的技能互换） 换身（4回合一次；被击中的单位将控制权与此单位互换；破魔；无法被回避；无视魔免）,不受到己方伤害
2,术士,钢,人类,水银法师,3,3,1,4,5,水银【1（4回合召唤一只；攻3守5速2范1;每回合可以使用一次“神速”；不受到技能伤害） ￥固定（10格；破魔；被击中的单位4四回合不能移动，攻击和主动技能） 保护,此单位的召唤物给予对方伤害后魔+1
5,勇者,光,人类,F,3,4,3,1,5,保护 穿刺 飞跃 神速 硬化 锁链 吸魔 吸魔（大） 龙吸 机枪 回避,可格挡反击；自然回血
5,弓箭,水,精灵,水之子,4,3,4,4,5,神速 回避 硬化 水波炮 凝固（一回合一次；开关技能；范-3，守+1） 【1深海咆哮（一回合最多使用一次；周围11*11范围内的对方单位向此单位的相反方向尽量移动4格） ,自然回魔
4,剑士,土,精灵,一刀斩。胧月,3,3,1,1,4,分身 穿刺 保护 神速 真刀。空气斩【1.5（破魔；想一个方向直线移动5格后使用；对方伤=守+1；使用成功后魔+对方的魔；一回合一次） ¥凝神（魔+1.5）,无
3,勇者,暗,灵体,不死小子,3,3,3,1,3,保护 穿刺 吞噬（破魔；4回合一次；被击中单位血*1/2，此单位血*2）,此单位半血以上受到致命伤害时，可以剩1/4的血留在场上；自然回血；攻击吸魔
7,勇者,水,人类,无名信使,3,3,4,2,5,飞跃 保护 龙息 神速 穿刺 硬化 无极落霞轮回（仅可在魔为0时使用；魔变满；魔力点-2） 造化（一回合一次；魔力点+1）,给对方造成伤害后魔力点+1；技能伤害破魔
5,贤者,光,天使,丰收之神。索拉,3,3,4,3,5,远程穿刺 圣墙 照明之光（4回合一次；周围11*11内对方武将受到3的伤害；如果那个武将的属性为“暗”则这个伤害破魔）,自然回血；自然回魔飞行；周围11*11内己方单位每回合血+1/4魔+1
7,剑士,土,人类,小月,4,3,3,1,3,穿刺 保护 吸尘器（一回合一次；5*10；直到下回合结束时储存此范围内武将的费魔的技能；破魔） 放出（一回合5次；在进攻的回合使用；将储存的技能不费魔使用出来）,此单位不能隐身
5,弓箭,木,鸟人,青鸟,3,3,4,3,3,分身*6 隐身 吸魔 荆棘炮（6回合一次；4*8；给予伤害，并且将范围内的天气改为“荆棘”）回避,飞行 自然回血
4,狂战,土,人类,猫叔,4,4,4,1,4,震开 神速 ¥¥嘲讽之吼（周围5*5的单位攻击此单位，不能攻击此单位的单位则下回合攻-1；因为此效果攻击此单位的单位下个进攻回合不能攻击） 变硬,攻击2次；魔免；攻击或技能此单位的单位魔-1；攻击或技能此单位的单位受到以下效果：直线尽量移动到；此单位周围并且此回合不能移动和主动技能；受到对方的伤害后魔+1
7,法师, 炎,人类,本。阿尼亚,4,2,3,6,0,血墙*3（一回合一次） 血壁*4（4回合一次） 黑炎弹（4*6；6回合一次） 灭绝歌（6回合一次；破魔；周围5*5；被击中的单位血*1/2；并且在之后的6回合无法回复） 黑旗（6回合一次；移动3格，然后伤害周围一周）,不受到技能伤害
6,剑士,雷,灵体,愤怒之锤。托尔,4,3,3,1,4,飞跃 保护 重锤【0.5（攻击1格；对方针对此次攻击的用魔量为两倍） 暴怒冲击【0.5（向前攻击4格，然后移动到第5格）,自然回魔；可格挡反击
3,贤者,暗,兽人,恶人医师,1,5,2,3,5,神速 恶意回魔（一回合一次；击中单位魔加满之后那个单位每个进攻回合结束时魔-3，不能回魔，直到魔减为0） 拷问轮（一回合一次；被击中单位速+3；每次位移都会受到3的伤害）光墙 【1.5兴奋剂（一回合最多使用一次；被击中单位攻+2，之后每个那个单位的回合开始时开始时攻-1，直到因为这个效果攻-4为止；到1）医疗演说（6回合一次；此回合内所有技能破魔）,普攻吸血
3,刺客,土,人类,突袭者,4,3,4,1,4,尘埃之爪（一回合一次；伤2格）隐身 回避 吸魔 ¥斯芬克斯之爪（破魔；无视魔免；对方宣言此单位下下回合的结束时剩余的魔量，当下个此单位进攻回合结束时此单位剩余魔量与宣言不符，则那个单位受到以下破魔并无视魔免的效果：伤5，魔-5，并且此单位在下个己方开始时重置此技能）,无
6,法师,光,灵体,奇迹法师,3,3,2,4,5,光墙 波长转化（一回合一次；选择被击中单位任意两个魔以外的能力值互换） 【1净化（无视魔免；使被击中单位特性变为飞行） ￥飞符。飞王魔术（6*6；所有单位特性增加飞行） ,自然回复；攻击此单位后的单位当回合不能再次攻击此单位
3,勇者,光,人类,大神,3,3,2,1,3,【1.5穿击（攻击3格，然后移动到第4格） 神速 ￥神化（变为3*3；攻7守7范4；不能移动或使用位移技能；自然回魔；每回合可以发动一次身前4*4的技能） 降临（4回合一次；速+4；并且取消“神化”不能移动或使用位移技能的效果）,当要受到致命伤害时自动放出神化
2,狂战,暗,恶魔,地狱的金角,3,4,3,1,4,魔动球（龙吸；魔为0时每回合可以不费魔使用一次）魔压（震开；魔为0时可以每回合不费魔使用一次） 变硬 神速 ￥地狱黑洞（只有复活后才可以重置并使用此技能；此单位周围11*11受到以下破魔效果：不能移动或主动技能；每回合向此单位尽量每回合移动2格，过程中此单位守+2；8回合）,每个己方回合开始时对周围造成3的伤害
6,骑士,炎,精灵,熔岩谷的龙骑士,3,3,1,3,4,龙鹰（攻3守4速4范3；可乘骑；飞行；攻击造成的伤害可以在那个进攻回合任何时间给予） 保护 龙息 锁链 熔岩喷射【1（一回合最多一次；让此单位乘骑的“龙鹰”攻击次数+3） ￥悲歌（10回合；召唤一只“龙鹰”，之后每个进攻回合开始时回合召唤一只龙鹰；使用后，进攻回合开始时场上没有龙鹰的场合，重置此技能）,被此单位和此单位的召唤物普攻的单位8回合内守-1，到1
5,勇者,水,灵体,魔使,4,4,2,1,5,飞跃 穿刺（大） ￥超硬化（10回合一次；6回合，自然回血，守+3） ,攻击敌人回魔；攻击队友没有伤害并且加魔；不受到对方技能伤害以外的效果影响
8,刺客,暗,人类,L,4,2,4,1,5,隐身 保护 破魔的红枪【1.5（破魔；被击中的单位魔变为0；无视魔免） ￥诅咒的金枪（击中后不能回复）神速,攻2次；每次攻击后此回合内移动次数+1；使用费魔技能时有1/2几率不费魔；可格挡反击；每破坏一个对方武将速+1，魔+1；
7,法师,雷,恶魔,精神力恶魔,4,3,2,3,5,压制【1-9（身前范围1*1-9*9；被压制的单位不能攻击，移动，技能；直到下个对方回合结束；无视魔免，不能被回避） 魔盾 远程龙息 精神爆裂（4回合一次；给予被“压制”区域4的伤害） 神速 精神脑魔（4回合一次；可对自己使用；破魔；被击中单位向此单位宣言的方向尽量直线移动3格） ￥超感知（6回合；“压制”变为随时使用）,自然回魔；魔上限9
2,刺客,暗,恶魔,墙鬼,3,1,3,2,5,隐身 ￥变身（守变为4；8回合） 穿刺 吸魔 保护 【1创造者。迷宫（一回合不费魔一次；在周围17*17内召唤8个“迷宫之墙”（攻0守7速0；此单位被视为“地形”，不能被附身并且所在区域不能被停留）召唤时不能封死任何范围）,此单位可在地形中移动但不能停留在地形中；在穿过墙壁后重置本回合移动次数
2,狂战,木,古龙,巨龙,3,5,1,3,3,远程龙息（一回合不费魔一次） 硬化 保护 龙吼。守（6回合一次；包括此单位，周围5*5的己方“古龙”和“飞龙”武将守+1，速+1，并且普攻，技能伤害半破魔） 超强再生能力（血-1/4使用，也可以对自身使用，被使用单位自然回魔自然回血；6回合）,占4格；此单位周围的己方单位每回合可以额外不费魔使用一次“保护”
5,剑士,钢,精灵,弑神者。玫瑰,4,3,4,1,3,机枪 保护 飞跃 锁链 ￥电锯风暴（无视魔免；范3；5*5，对一个区域使用，那个区域每个此单位回合结束时受到5的伤害；那个回合开始时在区域内的单位直到回合结束速-2） 风暴移动（一回合一次；移动“电锯风暴”的区域5格）,不受到“电锯风暴”的影响
8,勇者,光,人类,念力小丑。西索,3,3,3,3,5,回避 神速 飞跃 保护 粘着力（一回合一次；范6；被击中的单位6回合不能移动） 扑克炸弹（一回合一次；没有伤害；被此技能击中后直到下个那个单位的回合开始前无法使用被动技能） 牵线（一回合一次；被击中的单位移动3格） 奈落（一回合一次；在没有单位的地方放置一格陷阱；对之后停留在此区域的单位造成2的伤害并且直到下个那个单位的回合开始前不能移动和使用带有位移的技能） ¥马戏幻影（复制一个此单位；魔共用；6回合结束时，如果场上还存在2个此单位，则选择一个破坏）,此单位可以在对方回合任意时间点和位置连锁一次移动，和根据回合技能数使用不费魔的大招以外的技能；每破坏一个武将重置大招
8,勇者,风,兽人,战斗民族的使者。列夫,2,2,2,1,5,保护 远程穿刺 锁链 远程龙息 【1战斗演舞曲（6*6；6回合；此单位在次范围内攻守速范+3） 序曲（4回合一次；使所在‘战斗演舞曲’的范+2，时常增加4回合；并在此范围内攻3次）木星（4回合一次；在与此单位在同一个‘战斗演舞曲’中的对方单位受到6的伤害，并且直到下个那些单位的进攻回合结束前无法离开）,在“战斗演舞曲”的单位中自然回魔
1,勇者,暗,恶魔,魔战士,3,3,2,1,3,穿刺 保护 硬化 魔界武神之印（6回合一次；直到下个对方回合结束前全能力+2，血+1/2）¥地狱之斩（直线10格）,无
10,贤者,光, 人类,S先生,1,1,2,1,0,偶然事件（一回合一次；仅在进攻回合随时使用；宣言一个对方单位的行动和方向，之后那个单位按照做出行动） 替身（受到致命伤害时随时发动；周围1个己方单位代替破坏，之后此单位变为满状态） 召见（一回合一次；使己方一个单位移动到周围） 指引（范无限；一回合一次；破魔，将击中单位瞬到周围11*11内任意位置）Story Break（一回合一次；宣告一个下列指令，2回合内双方不能使用那个指令：攻击，技能，特定技能，移动，同步）,所有技能无视魔免
7,剑士,雷,精灵,残响。死灭,4,3,4,2,5,神速 飞跃 吸魔 保护 机枪 精神斧【1（弧形攻击；半破魔；1回合只能使用1次） 禁忌。魔法使之罪（牺牲一点魔以外的能力值，重置攻击或移动次数）饿魂回溯（一回合一次；仅能在对方回合结束时随时使用；除魔以外所有能力值重置） ,无
10,勇者,雷,人类,来自书本的怪盗。库洛洛,4,3,4,1,5,保护 龙息 神速 白十字字典。印（仅可以在己方进攻回合使用；每回合只能使用2次；随机一个武将，并将名字储存起来，或覆盖已有名字，最多储存一个，无法储存在场武将的名字，若随机到则此回合内使用次数+1）白十字字典。放（每回合2次；使用一个储存在此单位武将名字中的技能；如果要使用大招则要费3个魔）,无
5,弓箭,暗,古龙,应龙,3,3,4,4,3,飞跃 分身 远程龙息 暴怒（开关技能；攻+1守-1，物免） 震开,攻击双方向；攻击吸魔；不位移的回合可以不费魔使用2次远程龙息；激活上个特性的回合不能位移
6,剑士,风,人类,道者。左卫门右卫门,4,2,4,1,5,穿刺 回避 螺旋星（每个回合结束时血-1/8；无敌） 道术。星云（选择一个单位；10回合后对那个单位造成4的伤；破魔；） ,每次减血时有1/2几率重置大招
8,勇者,木,精灵,法玛尔,3,3,3,3,4,吸魔（大） 加魔 鹿角（4回合一次；远程；2*2；破魔；吸血） 龙息 震开 神速 巨大化（开关技能；每回合一次，开启时魔-1；每个进攻回合开始时魔-1，攻守范+1，取消飞行特性；不会叠加；变成占2*2） ,魔无上限；飞行；攻守范在进攻回合开始时数值随意转化，上限6
5,勇者,暗,兽人,黑神,3,3,4,3,5,分身*6 吸魔 穿刺 回避,每个分身每回合都可以有一次吸魔和回避机会；每有一个分身被破坏此单位有1/3几率魔+1
6,法师,水,人类,镜魔法师。银座,3,3,3,4,5,￥银色之风（8回合；所有单位无法向此单位方向移动） 光墙 远程龙息 镜面反应（在对方发动带有上海的技能时发动；在同时使用同样的技能；一回合3次） 神速 ¥镜面移动（选择场上任意一个单位，随着此单位位移，那个单位向相同方向尽量位移；8回合）,无
4,狂战,雷,人类,E。电击人,3,4,2,3,4,神速 ￥电风（2*3被击中4回合内不能使用技能，速-1，到1）保护　龙息,每个己方回合开始时对周围5*5自动使用“电风”
4,弓箭,木,精灵,箭王,4,2,4,5,4,回避　【1.5箭雨（8回合可以不费魔一次；范10；远程3*3；投骰子，每个回合开始时受到伤害；持续回合数为骰子的点数；可叠加） 绳索（一回合一次；放置一个点，之后随时移动到那个点上，每次使用重置点的位置） 【1束缚击（破魔被击中单位如果在此单位的反方向2格内有其他单位或地形时，则两个单位在6回合内都不能移动或主动技能（如果是地形则只有那个单位不能移动和主动技能）；如果没有则下回合不能移动，主动技能）,无
5,弓箭,木,精灵,月下的灵使,3,2,4,4,4,回避 远程穿刺 奥义（6回合一次；5格；伤害次数为“奥义计数点”的数量，使用后“奥义计数点”清零）,9*9内所有单位都可以攻击到；普攻跟踪回避；每次攻击被被动技能干扰后在此单位上放置一个“奥义计数点”
9,法师,暗,人类,神圣魔导王,4,3,2,4,7,魔导兽（攻4范1守4速4；攻击吸魔；可以被乘骑） 魔盾 远程龙息 ￥瞬移 魔力召引（一回合一次；魔+投色子的数量） 魔导之力（一回合最多2次；费0.5魔击中一格区域，可以费1横向或者纵向延申任意格数区域；如果那些区域有单位则受到破魔伤害，如果没有单位则形成地形，持续6回合，如果形成的型为封闭形状，则飞行单位也无法通过；如果击中自己或者自己乘骑的单位，则自己或者乘骑单位可以瞬移到相连地形任意点）,不受到带有破魔效果的攻击或者技能影响
5,术士,木,灵体,天地的光藓,2,4,3,1,2,保护 ￥世界树（守7；占3*3；此单位周围所有己方单位魔免；拥有技能：“藤蔓”（范10；一回合一次；破魔；将一个单位直线尽量移动到此单位周围）） ￥超变硬（守+2；4回合）,普攻破魔；攻击吸血；攻击此单位的守-1；此单位一回合只能被攻击或技能一次
4,勇者,土,人类,被压迫的人民,3,3,3,2,0,¥革命军（使用后每个己方回合开始时体积增加一格） 投石器（范5，2*2，威力2，一回合一次） 救赎（不费魔；将此单位占的1格破坏，对2*2造成4的伤害；范5）,魔免；此单位不能携带道具；每一格体积单独计算伤害和攻击
4,剑士,土,虫人,甲虫装甲骑士,3,5,3,1,4,穿刺 保护 神速 兵刺（4回合一次；5格） 全力攻击（开关技能，一回合一次；攻＋2，速+2，守－3）,无
5,法师,炎,人类,E。暴热之火,4,3,3,3,5,保护 爆炎（远程龙息） 飞跃  ¥天火（6回合；天气变为烈日） 烈炎冲击（6回合一次；攻击5格，移动到第6格，“天火”重置）,“烈日”天气下自然回魔
5,狂战,土,虫人,千年蝎,4,4,3,1,4,穿刺 保护 飞跃 变硬 【0.5挖地（隐身，速＋2）,此单位破坏其他武将后可每回合多攻击一次；普攻吸魔
6,勇者,光,人类,希望皇。霍普,3,3,4,1,5,吸魔 必胜之剑（魔力点＋1，魔+1，对周围造成3的伤害） 变硬 飞跃 穿刺 保护 奇异盾（魔力点－1，周围5*5范围伤害无效）究级霍普（魔力点－10，攻守速+1，魔免，自然回魔，攻击一周；最多使用两次）,无
7,术士,水,鱼人,海皇。古空棘鱼,3,5,3,3,5,水波炮［2（远程龙息） 震开 海刺鱼［1（攻3守4速4范2；4回合不费魔召唤一次） ¥水龙弹（3*5） ¥亚特兰蒂斯（天气变为“大海”，20回合）,自然回魔；此单位在天气“大海”中每个己方回合不费魔使用一次费魔的技能
6,骑士,暗,人类,大将军。紫炎,4,3,3,1,5,漆黑的名马（攻0守5速5） 穿刺 保护 锁链 ￥紫炎的霞城（将天气变为“紫炎的霞城”，16回合) ¥天下人（获得一个名字里带后“六武冢”武将的特性）,此单位周围11*11天气变为“紫炎的霞城”，离开区域时，区域变为原来的天气；弧形攻击
6,剑士,雷,人类,六武冢。斩次,5,3,3,1,4,穿刺 保护 飞跃 锁链 六武冢的奇袭（6回合一次；选择一个对方单位，在下个回合开始时瞬移到那个单位周围并攻击一周，并且在那个回合守+2） ￥六武冢的时停（此技能只能在“紫炎的霞城”中使用；对身前3*无限范围使用，使用后10回合内，那个范围内的对方单位不能移动和使用主动技能，对魔免单位无效，名字里带有“六武冢”的己方单位在此范围内速+3；）,弧形攻击 在“紫炎的霞城”天气中此单位普攻半破魔 如果周围11*11之内有名字里带有“六武冢”“紫炎”的单位，速+1，那个单位受到被破坏的伤害时，此单位可代替受到伤害
6,剑士,风,人类,六武冢。枪左,4,3,4,1,4,穿刺（大） 回避 神速 六武冢的速攻（一回合一次；移动6格，之后对一个方向攻击4次）,在“紫炎的霞城”天气中此单位速+1，并且攻击2次 如果周围9*9之内有名字里带有“六武冢”“紫炎”的单位，攻+1，那个单位受到被破坏的伤害时，此单位可代替受到伤害
6,弓箭,木,人类,六武冢。矢一,3,1,4,4,4,远程穿刺 回避 神速 光墙 瞬移（8回合一次） 六武冢的木弓（6回合一次；技能范围为”口“字形，即3*3，或4*4，或n*n，仅有边界，中间中空的区域，仅能针对没有单位的区域使用，在该区域召唤“六五冢的木篱”：守5，魔免，被视为地形；6回合）,自然回魔 在“紫炎的霞城”天气中此单位大招变为每回合一次 如果周围11*11之内有名字里带有“六武冢”“紫炎”的单位魔+1，那个单位受到被破坏的伤害时，此单位可代替受到伤害
6,剑士,水,人类,六武冢。伊郎,4,4,4,1,3,穿刺 回避 六武冢之眼（6回合不费魔一次；范12；破魔；被击中单位无法移动和位移技能；4回合）,此单位攻击守比此单位攻低的单位时，破魔 此单位攻击攻比此单位攻低的单位时，半破魔 在”紫炎的霞城“中此单位速+2，并且魔免 如果周围11*11之内有名字里带有“六武冢”“紫炎”的单位，范+1，那个单位受到被破坏的伤害时，此单位可代替受到伤害
6,法师,炎,人类,六武冢。火门,2,4,4,1,5,【1.5重磅炸弹（4*4，伤4）炸弹鞭（一回合一次，3格，伤4，保护次技能的武将当回合不能使用同样的被动技能；在伤害区域放置“爆炸点”）保护 飞跃 六武冢的神火（一回合一次；3*6，伤4） 六武冢的连锁爆破（6回合不费魔一次；对所有爆炸点周围造成4的伤害）,此单位在”紫炎的霞城“天气中自然回魔，守+1，如果周围9*9之内有名字里带有“六武冢”“紫炎”的单位，魔+1，受到被破坏的伤害时，此单位可代替受到伤害
6,勇者,光,人类,六武冢。二藏,4,4,3,1,3,穿刺 保护 变硬 神速 六武冢的爆发（6回合一次；直到下个对方回合结束时攻守速+1；攻2次）六武冢的正义执行（6回合一次；本回合内攻击次数+2，并且每当攻击被回避以后，本回合移动次数+1，到1）,魔免 此单位在”紫炎的霞城“天气中自然回血，大招没有回合数限制，如果周围11*11之内有名字里带有“六武冢”“紫炎”的单位，守+1，那个单位受到被破坏的伤害时，此单位可代替受到伤害
2,贤者,土,兽人,紫炎的足轻,1,2,2,2,2,分身*6 六武冢的集结（6回合一次；可以将任意数量的名字里带有”六武冢“”紫炎“的单位移动到此单位周围） ￥六武冢的应援（此单位周围的名字里带有“六武冢”“紫炎”的单位攻+1，守+1；6回合 ）,如果周围11*11内有名字里带有“六武冢”“紫炎”的单位受到被破坏的伤害时，此单位可代替受到伤害，或者破坏一个分身
5,术士,水,鱼人,海中巨舰。虎鲸舰,2,6,3,1,0,海螺炮弹（2回合一次。攻2守5速3范1）水炮鱼（2回合一次。攻3守4速4范3） 水陆两栖mk2（4回合一次；攻4守4速4范4）离子盾 “水陆两栖mk2+”（4回合一次；攻4守4速4范4魔4；拥有技能：水波炮 回避 ¥鱼类导弹（3*3伤害2次；天气为“大海”时跟踪回避））,占2*3格；在”大海“中所有召唤的单位一次召唤2个
1,勇者,土,兽人,装傻的负鼠,1,1,6,1,0,¥弱者的微笑（将此单位破坏，可以选择对周围7*7造成5的伤害；然后选择一个己方单位移动到此单位所在的位置，那个单位此回合可以不费魔使用一次费魔技能）,物免；此单位被破坏后可以使用“弱者的微笑”
5,勇者,暗,恶魔,集团恶魔首领,3,4,3,1,5,龙息 变硬 神速 保护 吸魔 万魔殿（10回额，天气变为“万魔殿”）,可格挡反击；此单位在周围11*11天气变为“万魔殿”；在“万魔殿”中速+3
5,贤者,光,天使,光道的守护者。洁拉,3,3,3,3,5,远程龙息 光墙 ¥天使的气息（将天气变为“天空的圣域”10回合）¥元气爆破（在“天空的圣域”中4回合一次；5格）,飞行；此单位在周围11*11天气变为“天空的圣域”
4,狂战,木,机甲,速攻稻草人,2,4,4,3,4,穿刺 神速 保护 变硬 ¥丰收之秋（攻＋1，范－2，开关技能，一回合一次）¥玉米炸弹（没有伤害；破魔；被击中单位不能移动，持续回合为投骰子的点数*2）,此单位受到伤害后，当回合结束
7,飞龙,风,飞龙,白角龙,1,4,4,1,5,穿刺 保护 变硬 白色的奇迹（一回合一次，4*4，被击中的对方单位血＊1/2，破魔，此技能每击中一个武将后此单位攻＋1） 必杀角钻（一回合一次；3格，破魔；使用后攻－3，最低到1）¥银色狂风（4*4，威力4）,占4格；飞行
2,剑士,炎,兽人,剑斗兽。拉克艾鲁,4,2,3,1,4,穿刺 神速 ［1剑斗力爪（2格，破魔，成功给予伤害后此单位的位置和场上任意一只名字中带有“剑斗兽”的单位交换）,此单位因其他名字里带有“剑斗兽”的武将的技能或效果移动到特定位置的回合和其下回合攻＋1，魔＋1
2,狂战,土,兽人,剑斗兽。安德鲁,4,5,3,1,3,穿刺  变硬 咆哮（一回合一次，仅能在对方回合使用，使用的回合内守+1，让对方的攻击或技能对象转为此单位；周围11*11；如果对方的范不够，则对方攻击或技能失败） 战斗轮转（此单位受到伤害时使用，场上任意一个名字里带有“剑斗兽”的单位交换位置 ）,此单位因其他名字里带有“剑斗兽”的武将的技能或效果移动到特定位置的回合和其下回和守＋1，魔＋1
2,法师,水,兽人,剑斗兽。塞克托鲁,2,4,3,3,5,光墙 回魔 水波炮 剑斗之魂（此单位周围的名字带有“剑斗兽”的单位攻+1，魔+1，6回合；每次在此单位因其他名字里带有“剑斗兽”的武将技能或效果移动到特定位置时此技能重置）,自然回魔 此单位因其他名字里带有“剑斗兽”的武将的技能或效果移动到特定位置的回合和其下回和攻＋1，魔＋1，并且再把场上任意两个名字里带有“剑斗兽”的武将移动到周围
4,勇者,土,兽人,剑斗兽。亚历山大,4,4,4,4,5,穿刺 变硬 保护 战斗飓风（一回合一次；2*5；伤害次数变为此单位周围7*7内名字里带有“剑斗兽”的单位的数量）,不受到除伤害以外的技能效果影响 飞行 此单位攻击后与场上任意名字里带有“剑斗兽”的单位交换位置 此单位因其他名字里带有“剑斗兽”的武将的技能或效果移动到特定位置的回合和其下回合攻＋1，守＋1，并且重置大招 此单位周围5*5内的名字里带有“剑斗兽”单位魔免
2,刺客,风,鸟人,剑斗兽。贝斯特罗里,3,1,5,1,4,穿刺 神速 ［1.5暴风（5格，可任意方向；使用后与场上任意名字里带有“剑斗兽”的单位交换位置）,飞行 此单位因其他名字里带有“剑斗兽”的武将的技能或效果移动到特定位置的回合和其下回合魔＋1，并且可移动两次
3,狂战,雷,兽人,剑斗兽。斯巴达克斯,4,5,1,1,4,穿刺 锁链 震开 ¥天崩地裂（攻＋1，守＋1，2回合；对周围7*7造成4的伤害，并且可以把一个名字里带有“剑斗兽”的武将移动到此单位周围）,弧形攻击 此单位被技能影响后与场上任意一个名字里带有“剑斗兽”的单位交换位置 此单位因其他名字里带有“剑斗兽”的武将的技能或效果移动到特定位置的回合和其下回合攻击2次，并且重置大招，魔+1
5,狂战,土,石人,大石块人,4,5,1,1,3,震开 穿刺 变硬 中石块人（8回合一次；攻3守5速1范1；占2*2；4回合使用一次技能：小石块人：攻2守4速1范1；此单位每次被对方单位攻击都会在周围尽可能召唤一个“小石块人”）,占3*3；此单位每次被对方单位攻击都会在周围尽可能召唤一个“中石块人”
5,剑士,雷,机甲,三轮车人,3,4,5,1,3,回避 穿刺 神速 二轮车（8回合一次；攻3守3速5范1；每回合攻击后移动次数+1；4回合使用一次技能：一轮车人：攻2守3速5范1；每回合攻击后移动次数+1）,每回合攻击后移动次数+1
7,狂战,暗,兽人,高傲食人魔,4,4,3,1,5,穿刺 锁链 飞跃 震开 变硬 吸魔 [1.5激素（速+1） ￥食人魔的魔眼（破魔；命中后对方不可以使用技能；6回合） ￥猛攻（对一个方向攻击3次）召集（一项能力值-1，将一个己方单位移动到此单位周围）,攻击吸血；每破坏一个武将大招重置，守+1，血，魔重置
7,骑士,光,人类,高傲的骑士,4,2,2,1,5,钢铁马（守5速4） 保护 穿刺 神圣战骑（攻4守4速5范1；可乘骑;用一项能力值-1召唤，一回合使用一次，投硬币，如果正面，则召唤1个“神圣战骑”，然后重新投硬币，如果反面结束此技能）￥天征（范10；破魔；将命中单位直线尽量移动到此单位周围）,无
7,勇者,土,兽人,古纹的兽人,4,4,4,1,5,穿刺 震开 锁链 ［2螺旋弹。烽火（2*2，连续3次伤害） 变硬 ¥膨胀（攻＋1，守＋1） 远古怒吼（8回合一次；4回合，所有敌方单位不可进入此单位周围7*7范围之内，如果对方回合开始时已经才此范围内，则不能先攻击或技能，仅能往反方向移动后才能攻击或技能，所有与此技能冲突的技能发动无效，这个时间内，每破坏一个武将则重置“膨胀”）,无
8,狂战,光,灵体,星之罗宾,3,5,4,3,5,穿刺 保护 变硬 吸魔 ¥星的制裁（3*3，对任何方向使用3次，此单位每次收到对方伤害，或保护住伤害，“星之制裁”重置）,攻击3*3；攻击吸血；此单位周围13*13的敌方单位不能对此单位以外的单位攻击或技能，范围攻击或技能必须同时影响此单位，与此特性冲突的特性或技能无效化
6,剑士,雷,古龙,龙族三兄弟。锤星,4,3,3,1,5,保护 飞跃 吸魔  [1.5 DRSMASH（投色子，对一周的敌方单位造成伤害，伤害次数为投出色子的点数；一回合最多使用一次）￥龙吼（周围5*5，包括此单位，“古龙”武将及其召唤物守+1，速+1，并且攻击和技能伤害办破魔;8回合）,攻击2次，攻击范围为2*2；不移动的回合可以不费魔使用一次“DRSMASH”
6,狂战,雷,古龙,龙族三兄弟。矛星,3,4,3,1,5,回避 变硬 锁链 神速[1.5 DRDUSH(投色子，移动色子点数的格数，并且在整个过程中对周围造成伤害；伤害不叠算；一回合最多使用一次） ￥龙怒（周围5*5，包括此单位，所有“古龙”武将及其召唤物攻+1，速+1，并且魔免；8回合）,可格挡反击；不移动的回合可以不费魔使用一次“DRDUSH”
6,术士,雷,古龙,龙族三兄弟。魔星,3,3,3,4,5,光墙 加魔 吸魔 飞跃 [1.5DRPLUSH(攻0守4速3，此单位周围7*7的范围内的敌方单位不能攻击或技能此单位以外的单位，此单位被视为名字中带有”龙族“的单位；投色子，并召唤投出点数的数量；每回合最多使用一次） ￥龙纹（周围5*5，包括此单位，所有“古龙”武将及其召唤物魔+1，速+1，自然回魔；8回合）,不移动的回合可以不费魔使用一次“DRPLUSH”
5,勇者,土,人类,反击拳手,3,4,3,1,3,保护 飞跃 穿刺 擂台嘲讽（一回合一次；范围一周；被击中单位下回合开始时如果有攻击数必须对此单位攻击，消耗攻击次数）,攻击两次；攻击吸血；此单位可以使用格挡的同时反击；
8,剑士,雷,兽人,操纵雷电的兽人。坎普,4,3,4,1,5,光墙（范3）锁链 回避 飞跃 穿刺 ［1雷电爆破（范4，3*3；一回合最多使用2次） ¥电闪雷鸣（范5，令对方一个单位6回合内无法对此单位针对此单位的技能使用技能）［1闪电链（范3，伤4，被击中的单位被吸魔（大）；一回合最多使用一次）,自然回魔；近身攻击时可对一个单位攻击2次；每次使用技能对周围7*7造成1/16伤害，此伤害可以被1个魔抵消
1,勇者,土,灵体,伪神器。埃德,1,1,1,1,0,附体（使用后此单位作为一个道具装备到那个单位上，拥有此单位作为技能的武将每次使用主动技能的时候都有1/2几率不费魔，血*1/2）,
3,弓箭,暗,人类,文森特,4,2,4,4,2,隐身 回避 ￥血迹追踪（仅可在场上存在血量在3/4以下的对方武将时宣言一个对方武将才能使用；速+2；不可叠加；宣言的武将破坏后此技能重置）,攻击血3/4以下的单位时破魔；的攻击不可以被回避；在攻击1/4一下的单位时不进行伤害计算将该单位破坏；在对方视角下不被视为“对方”
3,贤者,风,人类,龙的右眼。小十郎,3,3,3,1,4,保护 穿刺 ¥樊天门（对“天位骑士”使用后“天位骑士”攻＋1，守＋1，速＋1，使用“六刀流”后能力值不修改） 天眼（一回合一次；获得场上任意一个对方单位的特性；2回合）,攻击2次；每个对方回合有两次机会挡开攻击或技能，破魔技能对此特性无效
6,剑士,炎,人类,热血三叉戟。杏村,4,3,4,1,4,穿刺 保护 ［0.5火焰冲刺（伤害5格，移动到第6格；使用后可再移动一次；此技能没有是用次数限制） ,攻击2次;攻击周围5*5；攻击吸血
6,术士,木,人类,黄金之轮。吕村,2,2,3,2,5,保护 ［1.5祭天之盾（仅能在对方回合使用，发动以后对全场任意单位自由放4次墙） ¥日轮（攻0守6速0范7；每回合使用一次技能：范围是周围15*15，4*4，伤4，并且被命中的区域每个敌方回合结束时对其中的敌方单位给予4的伤害；占3*3）,自然回魔
6,狂战,雷,机甲,战国最强。本多忠胜,4,5,3,1,0,强钻（一回合一次；3格） 离子盾 战国突进（一回合一次；直线移动4格，并且攻击途中所有周围单位）¥战国咆哮（大招以外的技能重置，血全满） ¥限制解除（守-1；取消特性“飞行”；不能使用不用魔的技能；速+2，攻+1；魔+5；自然回复，每回合攻击3次，移动2次；增加技能：保护 穿刺 龙吸）,飞行；占4格
6,骑士,水,人类,船鬼。夜叉,4,3,3,1,4,四脚巨船（攻5守6速3范4；攻击2*2；占4格；每次被攻击的下回合自然回血，并且一回合一次可以使用技能：选择身前6格任意单位或地形；尽量直线移动到那个单位周围） 保护 穿刺 飞跃 ,无
3,勇者,光,人类,杰西卡,1,2,3,1,0,¥生命绝望之歌（周围11*11的所有单位不能攻击或技能，速－3，到1，每回合结束时血－1/2；18回合） ,无
7,剑士,土,人类,太刀斩。猿之助,4,3,4,1,5,保护 飞跃［1神斩。玫瑰（伤害一周，被击中下回合结束前随机去掉一个技能；一回合可以不费魔，伤害－1使用一次；一回合最多使用一次） ［1魔斩。蔷薇（伤害4格，被击中单位下回合结束前不能回复，一回合可以不费魔，伤害－1使用一次；一回合最多使用一次） ［1天斩。百合（伤害2*2，使用后有1/2几率魔+1或血+1/4，一回合可以不费魔，伤害－1使用一次；一回合最多使用一次） ［1地斩。铃兰（伤害任意3格，无法被回避，一回合可以不费魔，伤害－1使用一次；一回合最多使用一次） 妖斩。风魔（4回合一次；移动4格。并且对1个方向攻击2次）,弧形攻击
6,剑士,风,人类,军神。上衫,4,2,4,1,5,飞跃 穿刺 回避 一闪（6回合一次；一格伤害，破魔）,此单位可以在每个己方回合结束时移动5格
7,飞龙,冰,古龙,青冰白玉龙,3,4,3,3,5,远程龙吸 保护 [1.5 冰霜狂风（身前4*4，破魔，被击中后速-1守-1；6回合；可叠加）寒冰之刺（6回合一次；6格；被击中后魔变为0）寒霜（10回合一次；将天气变为“寒霜”；10回合）,此单位在寒霜中速+1，并且有1/3的几率令伤害无效化；占4格；飞行
5,剑士,风,鸟人,疾风鸟人。乔,3,3,4,2,4,羽毛扇（6回合一次；7*7，破魔，所有带有持续回合效果的技能持续效果结束） 穿刺 ¥撕裂 回避 ,飞行
5,弓箭,风,鸟人,对大气圈鸟人,3,4,3,3,5,变硬 保护 穿透（一回合一次；宣告一个主动技能，2回合那个技能对此单位和己方场上的“鸟人”单位无效） ¥激发（守－1，攻＋1） 气流波（4回合一次；3*3；被击中单位速-2到1，4回合）,飞行
3,刺客,风,鸟人,正义盟军。次时代鸟人,2,2,3,3,4,穿刺 保护 回避 ［2疾走（向一个方向伤害2次）［1鸟人之魂（与场上一个单位交换位置）,此单位因为技能被移动后的回合和其下回合攻守翻倍；飞行
8,剑士,暗,兽人,弑神者。黑暗蝎尾狮,4,3,4,1,5,穿刺 锁链 保护 迁怒（此技能只能对除分身以外的己方单位使用；一回合一次，不进行伤害计算直接破坏；破坏后此单位攻＋2，守＋2；6回合；、此效果不能叠加）暗之爪（6回合一次；3格；半破魔）,飞行；这个特性只能在此单位破坏后发动，将破坏周围7*7一个除分身以外的己方武将破坏。然后在原地满状态复活此单位；此单位增加被此单位破坏的除分身以外单位的特性
3,勇者,雷,机甲,电子龙,3,4,3,3,0,机枪 导弹 离子盾 卫星加农炮（3回合装填；3*3；攻击场上任何地方）,此单位在回合开始时可以选择一个周围9*9范围内没有己方单位的对方单位，移动到那个单位周围，使用此效果的回合不能移动
2,术士,雷,机甲,电子修理工厂,1,6,1,1,0,电子维修（3回合装填；满状态召唤一只被破坏的“机甲”武将到周围） 离子盾,占4格
2,骑士,雷,机甲,装甲电子翼,4,3,5,3,0,机枪 导弹 离子盾 电子融合（将此单位作为道具装备到己方一个名字里带有“电子”的除”电子修理工厂”以外的武将身上，装备此单位作为的道具的武将获得以下特性：“飞行；将一个能力值-1，对范4造成4的破魔伤害，一回合一次”；被装备的武将被破坏时此单位破坏）,飞行
3,弓箭,雷,机甲,电子镭射龙,4,3,3,3,0,机枪 离子盾 镭射（2回合装填；身前7格）,此单位攻击或使用带有伤害的技能锁定攻击力比此单位低单位时在伤害计算时伤害+1；此单位在场上被视为名字里带有”电子龙“的单位
2,狂战,雷,机甲,电子屏障龙,3,4,3,3,0,导弹 离子盾 量子盾 电子屏障（2回合装填，使包括自身周围5*5的单位这回合伤害-2）,此单位被比此单位守低的单位攻击或使用带有伤害的技能锁定时在伤害计算时伤害-1）；此单位在场上时被视为名字里带有电子龙的单位）
2,勇者,雷,机甲,电子麒麟臂,2,3,2,2,0,导弹 离子盾 电子传导（2回合装填；将此单位的一项能力－1，使一个名字里带有“电子”的单位的同一项能力＋1） ¥量子化（此单位所有能力值重新分配）,魔免
5,术士,雷,机甲,电子食人魔,3,4,3,1,0,机枪 离子盾 飞盾（仅在守为偶数时才能使用，使用后守／2：召唤一只“电子盾”，攻0守5速无限；随着此单位移动，只要场上存在”电子盾“，此单位不会受到伤害） ¥电子食人魔2（8回合，使用后获得一下特性：“此单位攻击或使用带有伤害的技能锁定其他单位时，在计算伤害时将此单位的攻增加对方单位攻击力一半的数值，如果对方攻击力为奇数，则增加其攻击力－1的一半的数值）,攻击2次
2,勇者,雷,机甲,原始电子龙,3,3,3,3,0,机枪 导弹 离子盾,此单位可以在每个己方回合开始时随意分配自己能力值（最高为5）和形状，此单位的形状为1-6个任意摆放，不能斜着连接
1,术士,雷,机甲,电子龙核心,2,2,2,2,0,机枪 离子盾 电子多变龙（此单位可以对任意一个己方名字里带有”电子“的武将使用；使用后将此单位和那个武将破坏，之后在那个武将原地召唤一个”电子多变龙“，”电子多变龙“被视为独立的武将，并且在召唤时和每回合开始时将能力值，技能，特性修改成任意一个名字里带有”电子龙“的武将的数值和效果）,无
4,勇者,水,鱼人,海马骑士,3,3,3,1,4,吸魔 保护 神速 海神刺（穿刺） ¥复制（复制2个此单位，魔共用）,此单位在“大海”中速＋2，在‘大海“中大招6回合使用一次
6,古龙,暗,古龙,救世魔龙。真红,3,4,3,3,5,远程龙息 震开 真红魔眼(一回合仅可不费魔使用一次；破魔；被击中的单位特性无效2回合）龙的珠宝（一回合仅可不费魔使用一次；仅可对其他己方单位使用，那个单位获得此回合“真红魔眼”去掉的对方的特性2回合）助手之风（一回合一次对一个在此回合破坏其他单位的己方单位使用；那个单位此回合攻+1，此回合可以多攻击一次，多移动一次） 增加技能：沉淀（4回合一次；使一个单位不受到伤害，不受到技能影响；不能移动，技能，攻击；2回合；破魔）,飞行；占4格；此单位被破坏后如果场上的己方单位不超过3个且武将等级的总和不超过8，此单位在任意一个对方回合结束时在场上已魔为0的状态召唤在一个己方单位周围
5,勇者,土,龙,硬甲龙,2,5,2,1,4,龙息 保护 变硬 [1龙之舞（此单位和周围5*5的‘古龙’武将，攻＋1，速＋1，一回合一次；6回合）¥地龙之怒（开关技能；每个对方回合结束时守变为5，开关技能）,飞行；占4格；此单位可以守－1，多攻击一次
2,勇者,风,人类,拥有飞龙血液的男子,2,2,1,1,3,随风而行（一回合不费魔一次：使使此单位乘骑的单位直线移动等于那个单位速的格数；并对所有穿过的单位造成3的伤害）,此单位可以乘骑到任意一个己方“古龙”武将上，被此单位乘骑的单位全能力＋1，并且自然回复
4,剑士,炎,人类,热辣辣武士,3,3,3,1,4,穿刺 飞跃 保护 ¥奇绝刃（2*4）,此单位周围7*7的单位在回合结束时收到4的伤害，并且重置“奇绝刀”；当场上有对方单位使用带有伤害的技能时，此单位可以瞬移到该单位周围
1,机甲,雷,机甲,电子三脚鱼,2,2,2,2,0,导弹 离子盾 电器脉冲（一回合一次；移动5格）自爆（对周围5*5造成5的伤害，然后破坏）,此单位被从被破坏的状态召唤到场上时攻守范＋2，到4
7,骑士,土,石人,传说中巨大的骑士,4,5,2,1,4,岩石巨马（守7速4；占2*3；飞行） 震开 穿刺（大） 山崩地裂斩（4回合一次；2*5）¥远古震级（伤害一周；半破魔；伤害为骰子的点数）,占4格；攻击4格；此单位和此单位的召唤物每次受到技能或普攻伤害都有一半几率将伤害返回给给予伤害的单位，并重置大招
2,剑士,光,灵体,真六武冢。原臧,3,2,3,1,3,保护 飞跃 穿刺 ￥六武冢的爆铠（破坏此单位，直到下回合结束时，周围的己方名字里带有“六武冢”或“紫炎”的武将攻守速+2）,如果周围7*7之内有名字里带有“六武冢”“紫炎”的单位受到被破坏的伤害时，此单位可代替受到伤害；如果场上有带有“六武冢”的单位存在时，此单位可以在每回合开始满状态召唤到任意六武冢的周围
2,剑士,暗,恶魔,地狱的尖兵。BAKI,4,3,4,1,4,魔枪（穿刺；魔为0时每4回合可以不费魔使用一次） 魔压（震开；魔为0时可以每回合不费魔使用一次） 神速,此单位被技能破坏后，下个对方回合结束时以魔0的状态召唤到对方任意单位的周围，并获得以下效果6回合：普攻破魔
3,法师,暗,恶魔,地狱的狂王。BURON,3,3,3,4,5,魔动球（远程龙吸；魔为0时每回合可以不费魔使用一次） 魔墙（光墙；魔为0时每回合可以不费魔使用2次）¥地狱洗牌（场上任意己方名字里带有“地狱”的单位破坏，魔免的单位也可以破坏）,此单位被技能破坏后，下个对方回合结束时以魔0的状态召唤到对方任意单位的周围，并且大招重置
2,狂战,暗,恶魔,地狱的番兵。LANZI,2,5,2,1,4,魔枪（穿刺；魔为0时每4回合可以不费魔使用一次） 变硬 魔压（震开；魔为0时可以每回合不费魔使用一次） 锁链,此单位被技能破坏后，下个对方回合结束时以魔0的状态召唤到对方任意单位的周围，并获得以下效果6回合：自然回血，攻击2次
3,贤者,暗,恶魔,地狱的军神。XILWA,4,4,3,1,5,魔动球（龙吸；魔为0时每回合可以不费魔使用一次）魔压（震开；魔为0时可以每回合不费魔使用一次）锁链 ￥地狱界的盛会（将场上一名己方名字里带有“地狱”的单位破坏）,此单位被己方单位的技能破坏后下个对方回合结束时以魔0的状态召唤到对方任意单位的周围，并且将周围7*7范围内一个单位移动7格，此效果对魔免单位无效；此单位被对方单位的技能破坏后下个对方回合结束时以魔0的状态召唤到对方任意单位的周围，并且将周围7*7范围内2个单位移动7格，此效果对魔免单位有效；大招在重新召唤后不会重制
1,贤者,暗,恶魔,地狱的赤候。SIKA,2,2,2,1,2,魔压（震开；魔为0时可以每回合不费魔使用一次）魔枪（穿刺；魔为0时每4回合可以不费魔使用一次）,此单位被技能破坏后，下个对方回合结束时以魔0的状态召唤到对方任意单位的周围，并可以破坏场上任意一个名字里带有“地狱”己方单位（被视为技能破坏）；此单位被普攻破坏时，可以破坏场上任意一个名字里带有“地狱”的己方单位（被视为技能破坏）
3,骑士,暗,恶魔,地狱的骑士。ZUR,4,2,2,1,4,魔压（震开；魔为0时可以每回合不费魔使用一次）魔枪（穿刺；魔为0时每4回合可以不费魔使用一次）,此单位被技能破坏后，下个对方回合结束时以魔0的状态召唤到对方任意单位的周围，并变为乘骑坐骑的状态，坐骑名字是地狱马（速4守4）
2,刺客,暗,恶魔,地狱的刺客。KAKI,3,2,4,1,4,隐身 魔压（震开；魔为0时可以每回合不费魔使用一次）魔枪（穿刺；魔为0时每4回合可以不费魔使用一次）,此单位被技能破坏时，对周围任意单位进行2次伤害，之后下个对方回合结束时以魔0的隐身状态召唤到对方任意单位的周围
2,弓箭,暗,恶魔,地狱的猎人。BRAO,3,3,3,4,4,回避 魔枪（远程穿刺；魔为0时每4回合可以不费魔使用一次）,此单位被技能破坏时，在原地以魔0的状态召唤一个被破坏的名字里带有“地狱”的己方单位，之后下个对方回合结束时以魔0的状态召唤到对方任意单位的周围
3,狂战,暗,恶魔,地狱的武神。GALDER,4,4,4,1,5,魔枪（穿刺；魔为0时每4回合可以不费魔使用一次） 变硬 魔压（震开；魔为0时可以每回合不费魔使用一次）￥武神（攻+1，守+1，4回合结束时破坏）,此单位被技能破坏时，对周所有对方单位造成伤害，之后下个对方回合结束时以魔0的状态召唤到对方任意单位的周围；大招在重新召唤后不会重制
2,术士,暗,恶魔,地狱的术士。SNOW,2,2,2,3,5,[1地狱犬（攻3守3速4；魔免）魔墙（光墙；魔为0时每回合可以不费魔使用2次）￥瞬移,此单位被技能破坏时，所有“地狱犬”破坏并对地狱犬周围单位造成3的伤害，之后下个对方回合结束时以魔0的状态召唤到对方任意单位的周围，并获得以下效果6回合：自然回魔，并且重制大招）
4,古龙,暗,恶魔,地狱的古龙。GRUFER,4,4,4,4,5,龙吸 震开 地狱之火（5*5，4回合一次）￥飞龙宝珠（物免；6回合）,此单位被破坏后，可以选择场上2个名字里带有“地狱”的己方武将破坏（被视为技能破坏），任意时间满状态召唤到其中一个武将原来所在的地方；被次效果破坏的武将只能选择一个发动效果
2,勇者,土,机甲,古代的工兵,3,4,3,4,3,保护 神速 穿刺 万古的修整（一回合一次；仅能对“机甲”武将或其召唤物使用（包括此单位）；那个单位血+1/4，魔+1，直到下个回合结束前，随即一项能力值+1） 机械内核（一回合一次；选择周围9*9内一个己方“机甲”武将，直到下个回合结束前获得那个单位一个技能，或者一个特性）,此单位攻击和技能时，在伤害计算阶段结束前，除了被攻击和技能的对象以外的单位不能使用技能
2,勇者,土,机甲,古代机械兽,3,3,3,2,3,飞跃 穿刺 回避 溶解之颌（一回合一次；破魔；被击中单位随机一项能力值-1，直到此单位被破坏）机械内核（一回合一次；选择周围9*9内一个己方“机甲”武将，直到下个回合结束前获得那个单位一个技能，或者一个特性）,此单位破坏的单位失去特性；对一个单位造成伤害后获得那个单位上一个使用的主动技能，那个技能只能使用一次
1,法师,土,机甲,古代机械炮台,4,3,1,7,3,远程龙息 保护 生锈的气味（一回合一次；使用后下一次攻击带有以下破魔效果：被击中单位直到此单位被破坏前不能回复） 机械内核（一回合一次；选择周围9*9内一个己方“机甲”武将，直到下个回合结束前获得那个单位一个技能，或者一个特性）,攻击4*4
5,狂战,土,机甲,古代机械巨人,5,5,2,1,5,神速 龙息 震开 机械臂（一回合一次；范5；2*2；半破魔） 锁链 活力锈迹（一回合一次；血+1/4，如果血量回复，可以之后直线移动4格） 机械内核（一回合一次；选择周围9*9内一个己方“机甲”武将，直到下个回合结束前获得那个单位一个技能，或者一个特性）,占2*2；不受到技能伤害
2,骑士,土,机甲,古代机械骑士,3,3,1,1,3,机械马（攻4守5速4） 穿刺 保护 诅咒的锈迹（一回合一次；周围7*7的“机甲”以外的武将受到以下破魔效果：血*1/2）机械内核（一回合一次；选择周围9*9内一个己方“机甲”武将，直到下个回合结束前获得那个单位一个技能，或者一个特性）,攻击2次；此单位和此单位的召唤物若受到攻击伤害，则回合结束前仅受到攻击伤害，若受到技能伤害，则回合结束前仅受到技能伤害
3,弓箭,土,人类,巨盾弩兵,2,2,3,6,4,"平射(被击中的单位守-1，持续8回合，不与其它""平射""效果叠加，一回合一次) 抛射(3*3，两回合一次，) 举盾[1(受到非近身攻击伤害-2，受到近身攻击伤害-1，持续两回合)",所有伤害破魔
3,狂战,土,人类,巨盾长矛兵,2,3,3,1,4,"举盾[0.5(受到非近身攻击伤害-2，受到近身攻击伤害-1，持续两回合) 盾墙[0.5(旁边有名字里带有""巨盾""的单位时可以使用，两个单位共同举起盾牌，受到伤害时保留巨盾长矛兵的特性并被算作一个守4的单位，若移动分开则效果消失)",每次受到伤害有1/3几率完全格档
4,剑士,土,人类,巨盾剑士,3,4,3,1,4,"剑舞【1（使用后下回合不受近战伤害，并且自己每回合可多攻击两次） 盾墙[0.5(旁边有名字里带有""巨盾""的单位时可以使用，两个单位共同举起盾牌，受到伤害时保留巨盾剑士的特性并被算作一个守5的单位，若移动分开则效果消失) 盾击[0.5(使一次伤害无效，一回合一次)",每次受到伤害有50%几率完全格档，受到近战攻击时伤害-1，受到远程伤害时伤害-2，受到破魔伤害时会完全承受没有减免，可反击，反击时攻两次
4,弓箭,土,人类,巨盾火枪手,3,2,3,4,4,"扫射(一回合一次，远程4x4) 平射(被击中的单位守-1，持续8回合，不与其它""平射""效果叠加，一回合一次) 排射(1*5，四回合一次) 举盾[1(受到非近身攻击伤害-2，受到近身攻击伤害-1，持续两回合) 拔刀[0.5(攻击方式改为近战，范变为1，守+1，可格挡反击，每次受到伤害有50%几率完全格档)","所有伤害破魔，减甲:若普通攻击打破对方保护类技能，对方单位还将守-1，持续8回合，不与其它""减甲""效果叠加"
9,勇者,土,人类,巨盾将军,3,4,3,1,5,"持枪(改变自己的武器，范7，获得巨盾火枪手的全部技能和""减甲""特性，持续两回合) 拔剑(改变自己的武器，范1，获得巨盾剑士的全部技能与特性，自身特性暂时无效，盾击无使用次数限制，持续两回合) ¥召唤巨盾战马(可骑乘，守4速4，受到近战攻击时伤害-1，受到远程伤害时伤害-2，受到破魔伤害时会完全承受没有减免，占2格) ¥号角(15*15范围内所有名字里带有“巨盾”的单位士气大振，变得骁勇善战，去除所有负面属性效果，并且速+1，持续6回合) 特赦令(6会回合一次；范6；被击中单位在下个对方回合结束之前受到以下随机破魔效果：1，受到伤害时直接破坏，2，不会受到伤害，3，没有效果）",破魔，每次受到攻击有1/3几率不会受到伤害，1/3几率格档。只可保留一种武器状态
5,剑士,土,人类,巨盾骑士,4,3,4,1,3,冲锋(一回合一次，向前冲8格移动到第九格，对其间所有单位造成破魔的伤害) 盾击[0.5(使一次伤害无效；一回合一次),无
6,剑士,土,兽人,野蛮人国王,4,2,3,1,4,变硬 保护 飞越 穿刺 【1.5（疾风战斧；4格；无视格挡反击特性，所有与从效果冲突的效果暂时无效化；可以威力-1，费魔-1使用） 【0.5人身骚扰（每回合可以不费魔使用一次；被击中的单位名字在战斗被改为“野人”）,攻击吸魔；名字为“野人”的单位对此单位伤害-2；并且无法对此单位的攻击使用技能
5,骑士,土,人类,作战骑士,4,2,2,1,4,铁皮马（速5守5） 穿刺 锁链 保护 乘骑之王（4回合一次；仅可对可乘骑的非武将单位使用；破魔；得到该单位的控制权并且乘骑到那个单位上；若那个单位已经有单位在乘骑中，则乘骑单位移动到周围任意一格；此单位不再乘骑时，此技能效果结束）,此单位的普攻或技能可锁定乘骑在可乘骑单位上的单位，并且破魔
8,刺客,雷,精灵,伊法,4,3,5,1,4,穿刺 飞跃 回避 吸魔 ¥杀人飞跃（飞跃到第4格，之后那周围内所有单位1回合无法针对此单位的技能使用技能）,每次位移后周围所有单位无法针对对此单位的行动使用技能
6,骑士,风,人类,桑谢斯,4,2,2,1,4,小矮马（守3速6；可穿人；穿人给予4的伤害；魔免；占1格） 穿刺 保护,弧形攻击；在对方回合，移动或被任何技能，特性，移动到此单位周围的单位受到4的伤害，此伤害不被视为破魔伤害，无法被保护，回避，对魔免，无敌单位无效
6,剑士,风,鸟人,鸟人王格姆,4,3,4,1,4,穿刺 神速 回避 大羽毛扇（6回合一次；4*4；被击中的单位6回合不能使用主动技能，并且所有持续效果结束；破魔）剧毒羽毛（使用后守-1，到1；大吸魔；破魔；一回合最多使用一次）,飞行
7,勇者,冰,兽人,冰帝。浮鹤,3,3,3,4,5,穿刺 飞越 保护 龙吸 绝对零度（一回合一次；2*2；被击中的单位不能移动，特性无效，并且不能使用“神速”，“飞越”，“锁链”；10回合） ¥浮鹤城（将天气变为“浮鹤城”：所有名字不是“冰帝。浮鹤”的单位范-3，到1，不能用主动技能；10回合）,每次有一个对方武将被破坏，重置大招
3,剑士,风,兽人,豹头人。飞翼,3,3,5,1,4,回避 穿刺 锁链 鹰眼【0.5（2*3；没有伤害；被击中的单位不能使用主动技能或攻击；6回合),飞行
5,勇者,土,兽人,豹头王。祖亚,3,4,4,2,4,飞跃 高速移动（每回合开始时可以使用，范-1， 速+1） 穿刺 保护 ￥王者的莲坐（速-3，攻+1，守+2.，然后如果有被破坏的名字里带有“豹头人”的武将，则召唤到周围） 兽性分离（开关技能；一回合一次；使用后此单位破坏，同时在周围召唤一个“豹头人”，和“豹头人。飞翼”，这两个被视为独立武将，当这两个武将在一起时才可以关掉此技能）,此单位受到的远程伤害-1
6,术士,暗,灵体,墓园诗人,1,1,3,1,5,吟唱（仅能在回合开始时使用，召唤2个“白骨”：攻1守5速2范1） 光墙 白骨弓箭手（将周围两个“白骨”破坏召唤“白骨弓箭手”：攻3守2速2范3；一回合使用一次回避和远程龙吸）白骨剑士（将周围2个己方“白骨”破坏，召唤“白骨剑士”：攻3守4速2范1；每回合可以使用一次震开和穿刺） 灭亡歌（一回合一次；仅能在回合开始时使用，此回合场上所有己方名字带有“白骨”的单位速+2，范+1，使用的回合此单位不能移动，攻击）,无
7,勇者,暗,灵体,邪恶英雄。超级白骨,3,3,3,1,2,飞越 穿刺 神速 爆裂（一回合可以使用一次；伤4；打一周） 保护 锁链 魂爆（血-1/2发动，伤4，打一周，针对此技能使用被动技能的单位当回合不可以再使用技能） ¥白骨拳。冥界巴士（对5*5区域使用，范3，将该区域尽可能召唤并填满“白骨”：攻1守5速2范1；无法召唤在有分身或隐身单位的区域上）,此单位周围5*5内没有非己方单位时速+1，隐身并且自然回血，自然回魔；每回合可以不费魔额外使用一次“飞跃”；此单位被破坏后在原地召唤一个“白骨”并且在周3*3内划定区域，如果在之后第3个己方回合那片范围内存在“白骨”，则破坏那个“白骨”，并满状态召唤此单位
8,弓箭,水,鱼人,娜迦,3,4,3,4,5,锁链 水波（龙吸） 保护 变硬 人鱼之叉（一回合一次；破魔；被击中单位不能移动；并在每个此单位的回合开始时被吸魔；2回合）,攻击或技能此单位的单位在下个进攻回合不能移动，攻击，使用技能，此单位破坏后仍然有效；此单位攻击周围7*7内所有对方单位；攻击吸血；在不使用“人鱼之叉”的回合结束时魔+1；此单位在“大海”中守+1，自然回血
4,剑士,暗,人类,刀锋剑士,4,2,3,1,3,穿刺 飞越 保护,此单位周围的单位无效化；当场上没有其他己方武将时此单位攻+1，普攻破魔，自然回魔
3,贤者,炎,虫人,火神虫,2,3,4,1,3,变硬 神速 保护 ¥火山的礼物（将此单位周围己方的一个“热辣辣武士”和此单位破坏，在原地召唤一个“炎之剑豪”：攻5守5速5范1魔5技能：火轮斩1.5（5格）保护 飞越 锁链 吸魔；特性：可格挡反击，自然回血，此单位周围的单位再其回合结束时受到4的伤害；“炎之剑豪被视为独立的等级7的武将）,此单位周围7*7的敌方单位在每个回合结束时受到4的伤害
6,骑士,风,人类,指挥骑士,1,2,2,1,2,皇家马（守4速4；自然回血） 白兵战（开关技能:仅可在对方回合开始时使用；将天气改为“白兵战”:所有单位不能使用技能、物免技能和特性无效） 保护,此单位周围的己方单位每个己方回合开始时可以花费一个魔血+1/4
3,贤者,水,精灵,水魔导师,2,2,2,3,5,水波炮 水墙 水魔法。家乡（一回合使用一次；5*5的区域内被视为在“大海”的天气中；10回合） 水波炮（远程龙吸）,在“大海”中自然回复
1,贤者,风,灵体,蝶之短剑。雯雯,1,1,3,1,0,¥装备（使用后此单位被视为道具装备到击中的单位上，被装备的单位攻+1，并且每回合可以使用一次“振翅”：直线飞行、移动3格；被装备的单位被破坏时，此单位可以出现在那个单位原地11*11的任意没有单位的位置上，重置大招，并且当回合无敌）,飞行
9,刺客,暗,恶魔,邪神。胡帕,1,5,3,1,5,原力（随时魔力点-1发动；对方一次技能发动无效） 【1巨神的邪力（使用后隐身4回合并且在4回合内速+1；在解除隐身时给予周围敌方单位半破魔伤害，伤害为任意一个周围敌方单位的攻击力） 震开 撒旦（一回合一次；仅可在回合开始时使用；此单位攻守数值对调） 穿刺 胡帕的圆环（4回合一次；使用时不会解除隐身；可以对场上任何单位使用；可以对隐身单位使用；对击中单位发动以下破魔效果；向此单位指定的方向尽量瞬移5格),此单位在每回合开始时可以破坏周围5*5的一个己方武将来将魔力点+1，魔+1，不可以在一场战斗中用此效果破坏同名的单位；占4格；攻击吸血，吸魔
8,法师,水,古龙,海龙。创造者,3,5,2,4,5,【1深海宝玉（一回合一次；将天气变为“大海”；6回合）震开 水波炮 【1波塞冬之浪（5*5；如果在“大海”中使用；则对“水”属性武将以外的单位给予破魔伤害）,此单位在场上时天气变为“暴雨”，并且“暴雨”可以和“大海”叠加；占4格；此单位破坏后所有在天气“大海”中的水属性以外的武将受到4的伤害；自然回魔；此单位在“大海”中速*3，穿人给予4的伤害
1,勇者,土,兽人,哥布林,1,2,3,1,4,回避 ¥敷衍了事（范3；被动技能；可以在对方使用技能的瞬间发动；对方魔+2；一次技能无效化）飞越 ¥求饶（被动技能；对方攻击或技能时可以瞬间使用；对方攻击或技能无效，视为没用使用，并且增加一次移动机会；下回合结束前无法对此单位攻击或技能和造成伤害） ¥无谋的贪心（本回合此单位移动机会增加2次；之后两个己方回合不能移动） ￥哄骗（破魔；被击中的单位尽量使用一个技能；被击中方可以选择使用方向）,攻击吸魔；此单位所有技能无视魔免
5,勇者,炎,人类,天元行者,3,4,4,2,3,保护 飞越 导弹 天元（4回合一次；投色子，往此单位上放置色子点数的“叹号计数点”）突破（4回合一次；直线移动“叹号计数点”数量的格子，如果遇到地形则破坏地形继续移动，如果碰到单位则给予此单位上“叹号计数点”的次数的伤害，若那个位置在攻击后仍有单位则停止，此技能结束后清零此单位上的“叹号计数点”）,
6,刺客,暗,兽人,隐形刺客,3,3,4,1,5,烟雾[1.5(范2，3*3内所有对方单位无法使用主动技能，攻击仅有1/2机率命中；破魔；4回合) 净魂0.5(范4，使一单位4回合速减为1，6回合一次；破魔) 闪烁突袭(一回合一次，随时使用，瞬移到周围11*11范围内的单位周围，之后如果是敌方单位则对其造成2次普通攻击) 绝杀秘技（8回合一次，持续四回合，从原有位面消失，并在每个进攻回合对周围7*7造成2次攻击）,不攻击的回合结束时，隐身
7,术士,土,兽人,哥布林皇帝,1,2,1,1,4,哥布林突袭部队（一回合一次；攻4守2速5范1；攻击以后破坏，通过此效果破坏后“哥布林皇帝”魔力点+1） 哥布林精英部队（魔力点-2发动；攻4守4速4范1）通行税（开关技能；一回合一次；使用后场上所有名字里带有“哥布林”的己方单位周围5*5的敌方单位移动的同时血*1/2） 收押（开关技能；一回合一次；使用后场上所有名字里带有“哥布林”的己方单位周围5*5的敌方单位使用主动技能以后将在6回合内不能使用同样的技能） 回避 求饶（4回合一次；对方攻击或技能时使用；对方攻击或技能无效，视为没用攻击或技能，并且增加一次移动机会；在此回合结束前无法对此单位攻击技能）,“通行税”和“收押”不能同时开
7,勇者,木,植物,千本针,3,3,1,1,2,神速 穿刺 保护 改变（开关技能；一回合一次；使用以后第二个特性无效）,此单位每此移动以后的回合结束时速+1，到20，受到伤害后速度重置；每移动一格位置，在上一格召唤一个“残影”：攻？守0.5速？范1，攻和速与此单位同步
7,勇者,水,灵体,邪恶英雄。超级水银,4,4,2,2,4,人形（开关技能，仅可在每回合开始时使用；使用后获得技能神速，飞跃，锁链，穿刺，保护）  蛙型（开关技能，仅可在每回合开始时使用；使用后速-2，每回合一次飞跃，攻击周围5*5的区域）  金属形态（开关技能，仅可在每回合开始时使用；攻-3，速-1，守+3） 防御水银（一回合一次；被动技能；将周围5*5内己方单位受到普通攻击或技能时瞬间使用，那个单位移动一格，此单位瞬移到那个单位原来的位置）  ,此单位的开关技能只能同时开一个；被破坏时将所有能力值-1，满状态重新再原地召唤为两个同名独立武将，并且拥有此单位所有技能和特性；此单位的能力值为0时，变成1；当此单位所有能力值都变为1时，此单位破坏
4,勇者,水,兽人,毒蛇王。维诺,3,3,3,3,5,远程穿刺 变硬 保护 神速 毒蛇之牙（破魔；一回合一次；可对自己使用；对被击中单位放置一个毒蛇计数点；毒蛇计数点不会在此单位破坏时消失）  剧毒沼泽（10回合一次；将天气变为“剧毒沼泽”，10回合）,此单位周围7*7的除名字里带有“毒蛇”的单位守-毒蛇计数点的数量，到1，对魔免有效
3,勇者,水,兽人,毒蛇。双头蛇,2,2,4,2,4,吸魔 蛇的狂咬（一回合一次；破魔；对目标单位使用和其身上剧毒计数点相等次数的吸魔）神速  【1捆绑（俯身在一个单位上2回合；破魔） 回避 ,攻击2次；被击中的单位被放置一个剧毒计数点，毒蛇计数点不会在此单位破坏时消失；此单位速+身上剧毒计数点的数量；拿掉身上一个剧毒计数点，一次伤害无效；可穿人；每从此单位上拿掉一个人毒蛇计数点，此单位魔+1
3,狂战,水,兽人,毒蛇。巨蟒,3,3,4,2,3,变硬 保护 大牙（一回合一次；破魔；无法被回避；被击中单位被放置2个剧毒计数点；使用此技能的回合不能普攻） 神速 毒性扩散（一回合一次；周围5*5内在下回合结束前天气变为“剧毒沼泽”）,自然回血；可穿人；此单位守+1自身剧毒计数点的数量；每次收到伤害自身的剧毒计数点-1；每次受到伤害魔+1
2,弓箭,水,兽人,毒蛇。响尾蛇,3,2,2,4,3,光墙 回避 毒液喷射（一回合一次；2*2；没有伤害，被击中的对象被放置一个毒蛇计数点；毒舌计数点不会因为此单位破坏而消失） 反击的毒牙（4回合一次；随时对对方单位使用；对方一次主动技能或攻击无效；并被安置一个毒蛇计数点；毒蛇计数点不会因为此单位破坏而消失）,此效果只能在己方回合开始时使用，将一个毒蛇计数点从此单位身上拿掉，回复1个魔；此单位技能对9*9范围内所有单位都可以施放
7,法师,水,兽人,毒蛇神。篾尔多斯,1,2,4,1,5,光墙 回避 黑蛇病（一回合一次，去掉身上一个毒蛇计数点发动；对场上所有对方单位使用；破魔；被击中单位受到身上毒蛇计数点数量的伤害） 大蛇（去掉自身3个毒蛇计数点召唤：占4格，攻4守4速4范1，普攻带有以下破魔效果：放置一个毒蛇计数点；毒蛇计数点不会在此单位破坏时消失） 复生（去掉此单位身上5个毒蛇计数点发动；将一个被破坏的名字里带有“毒蛇”的己方武将重新满状态召唤到此单位周围） 毒蛇遗产（6回合一次；在全场带有“毒蛇”魔力点的对方单位周围尽量召唤那些单位带有的“毒蛇计数点”数量的“大蛇”）,可穿人；每回合开始时对自身放置一个毒蛇计数点；去掉身上一个毒蛇计数点，此单位一次伤害无效，并且让天气在下个回合结束前变为“毒蛇沼泽”
5,勇者,炎,灵体,邪恶英雄。超级炎人,4,4,2,1,4,保护 飞拳（范6；一回合2次；选择一个位置召唤“飞拳”（攻3守无限速0范1），并且给予召唤单位到此单位之间所有单位召唤位置到此单位之间距离的伤害；使用时必须有位置召唤；在场上已经存在此单位召唤的“飞拳”时使用此技能后；使用此技能以后“飞拳”破坏并且给予与此单位之间伤害） 穿刺 飞越 变硬 ¥火焰飞越（飞越；并给予与原来位置之间伤害，每回合对一个单位只能造成一次伤害） 炎人。变形（开关技能；一回合一次；攻-3，速+3）,此单位周围的单位在回合结束时受到3的伤害；每次对对方武将造成伤害，大招重置
7,勇者,暗,灵体,究极使者。阿奴比斯神,4,4,3,1,5,保护 飞越 锁链 穿刺 阿奴比斯的黄金柜（4回合一次；宣告场上任何一个技能，此单位可以在4回合内不费魔使用一次那个技能） 天神的狂沙（4回合一次；仅能在己方回合开始时使用，使用后将天气改为“场上所有单位不能使用除了“阿奴比斯的黄金柜”宣告的技能以外的技能”，2回合）,无
6,剑士,光,精灵,流星剑客,3,3,3,1,4,穿刺 保护 飞跃 神速 剑术。契约（4回合一次；对此单位和被击中单位同时造成任意量的血量百分比伤害） ［1秘剑。燕反（伤2；可以每回合舍弃一次攻击机会不费魔使用一次；此技能被视为普通攻击；破魔；无法被回避） ¥剑术。刷新（将此单位血，魔回复满，并且除此技能外的大招重置）  ¥剑术。痛分（破魔；将此单位的血量和被击中单位的血量变为两个数值的总和／2）,弧形攻击；每次此单位血量有变化时“剑术，同分”重置，在当回和不能使用
5,弓箭,暗,鸟人,雀皇。宠物店,3,2,4,3,5,远程穿刺 神速 回避【0.5报信乌鸦（攻1守3速5范1；飞行；此单位周围的对方单位速-1，不能使用不费魔的技能） 牵引式传送（一回合一次；与一个报信乌鸦的位置交换） ¥超大群乌鸦（对身前6*6内对方武将给予伤害，并且在对方武将一周召唤尽量多数量的“报信乌鸦”）,飞行；攻击吸魔；攻击没有单位的区域时在那个区域召唤“报信乌鸦”；此单位或此单位召唤的单位破坏对方单位时，“超大群乌鸦”重置
4,刺客,炎,兽人,机甲忍者。赤,2,3,4,1,4,【0.5铁锁路径（伤害5格，直线移动到击中的最近的单位或建筑周围，并且对那个单位此回合造成的下一次伤害+1；破魔；此技能不会对己方单位造成伤害）  回避 吸魔,攻击，技能有1/2几率破魔
4,法师,光,天使,歇斯底里天使,4,1,4,1,5,回避 神速 分身 龙吸【0.5神风（一回合最多使用一次；3*3；击中有方单位回血） 【0.5天怒（4格；一回合最多使用一次；击中有方单位回血） 【0.5天火（范5；2*2；一回合最多使用一次；击中友方单位回血）,飞行；可以不费魔使用技能，那次技能伤害-1；在“天空圣域”中移动次数+1，每次位移后重置技能使用次数
6,剑士,风,人类,神威,4,3,4,1,4,回避 飞跃 龙息 熏风之来信（魔力点+1）熏风之使者。风鹰（一回合最多使用一次；攻4守4速4范3；飞行；魔力点-1；此单位的会尽量随着在周围的召唤者移动，在周围的召唤者也会尽量随着此单位移动） 夜叉（5格；魔力点-1；带有以下破魔效果:以下破魔效果：被击中的对方单位无法移动，6回合；每回合最多使用2次） 熏风之爪（4回合一次；3格；破魔；使用以后魔力点+3）,每破坏一个对方单位，此单位的魔力点+1
1,贤者,光,天使,米帕,1,1,1,1,1,米帕？（保护） 米帕~（一回合不费魔一次；自身周围一个单位魔+1，血+1/2） 米帕！（一回合不费魔一次；复制一个此单位）,飞行；每次承受伤害时可以把周围同名单位的守加起来当作此单位的守计算
3,贤者,光,精灵,败者的信徒。吉娜,3,4,2,3,5,光墙 保护 远程穿刺 凡人的施舍（一回合一次；对己方等级在2以下的单位使用后那个单位任意一项能力值+1，对同样单位使用则重置之前的能力值变化）【1人海战术（一回合最多使用一次；将场上任意数量的等级2以下的武将瞬移到此单位周围）,自然回魔；场上所有点数在2以下的武将被受到被破坏的伤害时将被瞬移到此单位周围并且恢复满状态；此单位的守+此单位周围9*9内等级2以下武将的数量
2,勇者,雷,机甲,废品收集者,1,3,2,1,1,保护 磁铁墙（一回合不费魔一次，召唤“磁铁墙”：攻0守5速0范1，被视为地形） 磁力移动（一回合不费魔一次，可在对方回合使用；可在任意时间使用；瞬移到己方任意“磁铁墙”周围）  废品原力（4回合一次；在身前8*8范围内没有单位的地方任意召唤“磁铁墙”）  磁力护罩（一回合不费魔使用一次；破坏周围一个己方“磁铁墙”下回合内的下一次伤害无效）  磁力铁链（一回合不费魔使用2次直线移动到5格内最近的单位周围） ,此单位在“磁铁墙”周围不受到除普攻，技能以外的伤害；回合结束时此单位周围的对方单位受到1的技能伤害（对方可以对此伤害使用被动技能）；攻击此单位召唤的“磁铁墙”后那个“磁铁墙”直接破坏
7,狂战,土,兽人,沙王。沉睡万年的使者,1,4,3,2,5,神速 穿刺 保护 【0.5巨蝎的突风（使用后每个进攻回合结束时对周围单位造成3的破魔伤害；6回合；在6回合内周围包括此单位所在的区域天气变为“沙尘”） 死灵的引诱（一回合一次，对周围11*11内任意单位使用使那个单位在15*15的范围内移动4格） ￥虚无的沙流（身前5*5；破魔；被击中单位不能移动或使用位移技能，8回合；之后每个己方回合结束后所有在之内5*5之内的对方武将受到破魔的吸魔效果） ￥同旅（破魔；被击中后的单位被放置一个“沙王记数点“）,占4格；此单位被来自己方单位以外的伤害破坏后周围15*15内带有“沙王记数点”的武将在之后被破坏；每个己方回合结束后对周围11*11内所有对方武将发动破魔的吸魔效果，此效果不与“虚无的沙流”的效果叠加
8,法师,冰,人类,冰帝随从。里次元窃习者,1,2,2,1,0,￥瞬移 ￥禁术。大寒波（2*6改变天气为：没有”冰帝随从。里次元偷习者“的一方不能攻击或使用技能；6回合） ￥禁术。圣沟（只能对直线6格没有单位，地形的地方使用；使用后6格变为地形并且周围使用时地形周围所有除此单位以外的单位受到6回合的不能移动，攻击，使用技能的破魔且无法被回避的效果） ￥禁术。鱼与交易（召唤“鱼”攻：4守无限速5范1；占4格；每回合攻击2次并在己方回合有1次震开；8回合结束时破坏）,此单位每次使用打找后在自身放置一个“窃习者记数点”；档次单位上有3个以上“窃习者记数点”后破坏
2,术士,木,灵体,孤花火。令慈,2,3,2,3,3,飞跃 穿刺 光墙 ￥技能花火（召唤：攻0守2速0范1；此单位对全场使用技能的对方单位造成2的破魔伤害；此单位破坏后对场上任意一个名字里带有“孤花火”的单位放置一个”孤花火计数点“；此单位旁边名字里带有”孤花火“的单位自然回魔并且攻+1）,拿掉此单位上的一个“孤花火计数点”，重置大招；此单位被对方破坏后在原地召唤“技能花火”
2,术士,木,灵体,孤花火。零存,2,2,3,2,2,神速 光墙 ￥攻击花火（召唤：攻0守2速0范1；此单位对全场普攻的对方单位造成2的破魔伤害；此单位破坏后对场上任意一个名字里带有“孤花火”的单位放置一个”孤花火计数点“；此单位旁边名字里带有”孤花火“的单位自然回血并且守+1）,拿掉此单位上的一个“孤花火计数点”，重置大招；一回合只会被作为攻击对象一次；此单位被对方破坏后在原地召唤“攻击花火”
3,术士,木,灵体,孤花火。山王,3,3,3,2,4,穿刺 震开 ￥移动花火（召唤：攻0守2速0范1；此单位对全场移动的对方单位造成每格1的破魔伤害；此单位破坏后对场上任意一个名字里带有“孤花火”的单位放置一个”孤花火计数点“；此单位旁边的名字里带有”孤花火“的单位不会受到技能伤害）,拿掉此单位上的一个“孤花火计数点”，重置大招；此单位被对方破坏后在原地召唤“移动花火”
5,刺客,炎,兽人,机甲忍者。真红,0,3,4,1,4,保护 飞跃 神速 冲刺,每回合可不费魔使用一次位移近技能；每次位移结束后给予周围5的伤害；此单位在没有位移的己方回合结束时魔+1
6,狂战,土,兽人,昼行武者,4,4,4,2,4,保护 变硬 飞跃 神速,此单位每回合只能普攻一个单位；如果连续2回合普攻一个单位则攻击次数+1；此单位血在1/2以下时不受到技能伤害；攻击吸血；攻击单位和上回合不一样时则攻击次数重置；每次攻击都有给予被攻击单位一下破魔效果：下回合不能使用主动技能
1,贤者,木,精灵,妖仙。柳,1,1,3,5,5,光墙 ¥交换（和被击中单位交换位置；破魔）,此单位在被破坏的状态时每个己方回合可以对己方使用2次“光墙”
5,机甲,雷,机甲,电子龙。新星,3,4,3,3,0,机枪 离子盾 新星融合（一回合可以使用一次；仅可对己方名字里带有“电子龙”的单位使用；使用以后那个单位破坏，此单位到下个回合结束前属性增加那个单位的数值并且获得那个单位的技能和特性） 量子分离（4回合一次；在此单位周围召唤一个“电子龙”，那个“电子龙”当回合可以行动，通过此技能召唤的单位在下个回合结束时破坏）,周围每有一名字里带有“电子龙”单位攻守+1
6,法师,雷,灵体,风暴神灵,3,2,3,3,5,穿刺 电子风暴（可以在任意时间使用；此单位任意直线移动与费魔相同的格数；如果期间穿过任何敌方单位，则给予其穿过之前此单位通过此技能移动格数相等的破魔伤害） ￥灵魂溶解（此单位魔变满；使用此技能的回合结束时此单位破坏）  【0.5残影（一回合一次；在原地放置一个“残影”，残影不算作单位，在下回合结束时消失并对周围，和原地的除“风暴神灵”以外的单位造成3的伤害）【0.5雷电锁链（无伤害；被击中后下回合不能使用主动技能，移动，并且受到以下效果，向此单位使用此技能时的方向尽量位移一格）,每个双方回合魔+1；每有一个武将在此单位7*7内被破坏此单位每回合开始时回魔+1；可穿人；此单位使用技能之后的下一次普通攻击变为2×2的范围攻击并且伤害+1；每次使用技能后每回合剩余攻击次数变为1（只有费魔大于2的“电子风暴”在此效果中被算作使用技能）
7,法师,暗,灵体,机关傀儡12号,2,4,2,1,4,【0.5傀儡制造（在5*5内召唤另外一个此单位，魔共用；一回合一次）粗人意料！（把此单位破坏并且对周围造成4的伤害）￥傀儡之墙（在一条直线上复制5个此单位） ￥傀儡的诅咒（将场上所有此单位的同名单位移动到此单位周围） 神速 傀儡的摇曳（去掉此单位上4个“傀儡计数点”、所有大招重置）,【0.5傀儡制造（在5*5内召唤另外一个此单位，魔共用；一回合一次）粗人意料！（把此单位破坏并且对周围造成4的伤害）￥傀儡之墙（在一条直线上复制5个此单位） ￥傀儡的诅咒（将场上所有此单位的同名单位移动到此单位周围） 神速 傀儡的摇曳（去掉此单位上5个“傀儡计数点”、所有大招重置）
4,剑士,暗,恶魔,恶魔。希尔法,4,2,3,4,4,远程龙吸 神速 保护 吸魔 恶魔链接（4回合一次；破魔；击中后此单位速+1攻+1，被击中单位速-1攻-1，之后每个己方回合开始时此单位速+1攻+1，被击中单位速-1攻-1，直到被击中单位攻速任意值变为0或者在回合结束时不在此单位9*9范围内，然后2回合后此技能效果消失）,此单位因为攻击或技能伤害破坏时，只要此单位处于被破坏的状态，那次攻击或使用技能的单位攻-1
8,狂战,水,兽人,捕食者。鳄鱼,4,4,3,1,5,保护  穿刺  【2狂挥（一回合一次；攻击一周） 巨鳄之怒（6回合一次；6回合；回复造成的伤害的数值；并且此单位周围的单位无法移动或使用技能来位移出此单位周围的范围）夺命勾爪（6回合一次；直线7格；破魔；将最近的单位直线移动至此单位周围；并且造成那个单位当前血量一半的伤害）¥唯我独尊（使用后全场所有单位速-1，不能使用主动技能，特性无效；无视魔免；6回合）,占4格；普攻破魔；每回合开始时周围7*7内没有非友军单位时，那回合速*2；此单位周围的对方单位使用的“回避”不会有位移效果
4,刺客,暗,人类,反目的从者。加西亚,4,3,3,2,5,远程穿刺 回避 神速 ¥侍从（二重技能；#1:仅可对己方武将使用；在那个武将上放置一个“侍从计数点”；此单位攻守速+3；自然回魔（大）；#2:仅可对对方武将使用；破魔；使用后在那个武将上放置一个“侍从计数点”，此单位攻守速+3，自然回魔（大），攻击半破魔，同时此单位的控制权转换到那个武将的控制者一方） 反目（不费魔一回合一次；拿掉一个武将的侍从计数点，并破坏那个武将）,从“侍从”处于“使用过”的状态时的第8个回合开始，每个己方回合结束后都会自动使用“反目”，直到使用成功；当场上有带有此单位放置的“侍从计数点”的武将被破坏时，此单位能力值重置，大招重置，并且控制权转换到控制破坏那个武将的单位的一方；除了“反目”以外，此单位没有回合技能数限制；无法被吸魔
4,剑士,土,人类,圣剑锻造者。纹章,4,3,3,1,5,穿刺 保护 飞跃 ¥圣剑。阿瓦隆（攻0守3速5范1；拥有技能：装备：只能对己方剑士武将使用；装备到那个武将上，那个武将守+1，每个己方回合开始时血+1/4；那个武将增加技能：取消：将此道具取消，并且在周围召唤一个此单位，状态和装备时相同） ¥圣剑。伽勒班（攻3守3速5范1；拥有技能：装备：只能对己方剑士武将使用，作为道具装备到那个武将上，那个武将攻-1，每回合攻击，移动次数+1，那个武将增加技能：取消） ¥神剑。不死鸟（攻0守3速2范1；拥有技能：重现：召唤一个己方被破坏的剑士武将并且装备到那个武将上，那个武将魔满，血为1/8，不会重置大招，那个武将增加技能：取消；当此单位结束作为道具准备到那个武将上时，那个武将破坏）,一回合最多使用一次大招
3,弓箭,光,机甲,特警。游侠零式,2,1,5,3,0,新能源（对目标放置1个新能源计数点；一回合一次；可对自己使用）电流回避（一回合一次；回避） 离子盾 推力（可作为被被动技能使用；作为被动技能使用时为回避3格；作为主动技能使用时为飞跃5格以内任意格数，并且攻击次数重制；新能源计数点-1）  ¥量子列车（被动技能；使用以后直到回合结束不受到伤害，并且移动4格）,此单位最多携带6个新能源计数点
3,刺客,光,机甲,特警。真红零式,3,1,4,2,0,机枪 导弹 新能源（对目标放置1个新能源计数点；一回合一次；可对自己使用）新手里剑（对一个方向攻击摇骰子点数的数量；新能源计数点-2；一回合一次）  拔刀斩（攻击4格，移动到第5格；一回合一次；新能源计数点-1；此技能破坏对方武将后新能源计数点+2并且重制此单位本回合技能使用次数） 电流冲刺（神速；4回合一次） 电流回避（2回合一次；回避）,此单位最多携带6个新能源计数点
4,勇者,光,机甲,特警。深渊零式,2,5,2,2,0,机枪；电流冲刺（神速；4回合一次） 新能源（对目标放置1个新能源计数点；一回合一次；可对自己使用） 相位转移（瞬移都周围17*17格内任意位置，并且在下回合结束前魔免；新能源计数点-3） 电流回避（2回合一次；回避） 特洛伊（对周围造成新能源计数点次数的伤害；使用以后新能源计数点清零）,攻击带有以下破魔效果：对方速-1，此单位速+1，到1，直到那个单位不在此单位周围7*7以内或是此单位攻击那个单位以外的单位为止（重置能力值或是驱散效果依然有效）；此单位最多携带6个新能源计数点；此单位攻击力增加自身携带的新能源计数点的数量；此单位破坏对方武将以后血+3/4
3,狂战,光,机甲,特警。巨盾零式,3,5,2,1,0,新能源（对目标放置1个新能源计数点；一回合一次；可对自己使用） 离子盾 量子盾 能源盾（使用以后下回合此单位和此单位周围的己方单位下回合结束前受到的伤害-1并且有1/2几率无效；受到的对方的单体指向性技能有1/3几率无效；新能源计数点-1） 万吨冲锋（直线移动6格；在过程位置与此单位的位移冲突的单位被强制位移直到此单位完成移动；遇到无敌单位或己方单位或地形则停止位移；新能源计数点-3） 能源波（伤4格；能源计数点-2） ￥电磁震荡（2*2；破魔；被击中单位无法移动和主动技能）,占2*2；此单位最多携带6个新能源计数点；周围5*5有对方武将破坏时大招重置
3,弓箭,光,机甲,特警。精兵零式,3,1,3,7,0,机枪；电流冲刺（神速；4回合一次）新能源（对目标放置1个新能源计数点；一回合一次；可对自己使用） 磁力移动（破魔；可对己方单位或者地形使用；直线移动到那个单位或者地形周围；如果过程中有单位或地形则停止移动；新能源计数点-1） 电磁尘埃（破魔；可对周围15*15内所有任意使用；被击中后不能使用位移技能：6回合；新能源计数点-1）  新能源量子化（使用以后不能攻击，技能；无敌；速+3；6回合；新能源计数点-2） 电流回避（2回合一次；回避）,此单位最多携带6个新能源计数点；攻击或使用“电磁尘埃”时对周围15*15内的携带“新能源计数点”的对方单位也攻击或使用
5,狂战,光,机甲,特警。鳄鱼零式,4,4,4,1,0,机枪 导弹 新能源（对目标放置1个新能源计数点；一回合一次；可对自己使用） 电磁弯钩（破魔；6格；可改变一次方向；把最先击中的单位延6格的轨迹位移到此单位周围；一回合最多使用2次；新能源计数点-1） 矢量提升（此回合攻击次数增加周围对方单位的数量；下回合结束前守+周围对方单位的数量；一回合最多使用一次；新能源计数点-1） 离子盾,此单位最多携带8个新能源计数点；攻击带有吸血的破魔效果
3,骑士,光,机甲,特警。亚伦零式,2,2,2,1,0,导弹 新能源（对目标放置1个新能源计数点；一回合一次；可对自己使用）电子马（攻2守4速5范1） 治愈之波（将第二个特性改为此单位周围9*9的己方单位自然回血；新能源计数点-4） 能源之波（第二个特性改为此单位对周围9*9内己方带有“特警”的武将回合开始时全部放置1个新能源计数点：新能源计数点-4） 进攻之波（第二个特性改为此单位周围9*9内的己方武将在回合开始时本回合攻击次数+1） ￥双生波动（第二个特性效果*2；6回合）,此单位最多携带6个新能源计数点；此单位周围9*9的己方单位在回合开始时本回合速+1；周围9*9内有对方武将被破坏时大招重置
3,法师,光,机甲,特警。罗宾零式,3,1,3,4,0,新能源（对目标放置1个新能源计数点；一回合一次；可对自己使用） 能源护甲（可对全场己方单位或自己使用；守+1；每个对方回合结束时血+1/4；6回合；能源计数点-3） 诅咒护甲（破魔；守-1；6回合；能源计数点-3） ￥炎阳普照（使用以后不能攻击；此单位和此单位周围9*9内的己方单位守+3；6回合） 离子盾 量子盾,此单位最多携带6个新能源计数点；此单位每回合开始时本回合攻击次数+新能源计数点的数量；周围9*9内有对方武将被破坏时大招重置
5,剑士,水,鱼人,传说的渔人,4,3,3,1,4,神风之戟（一回合一次；攻击一格；使用后本回合攻击次数重置）飞跃 回避 锁链 ￥潜行（4回合；回合结束时隐身）,攻击2次；攻击吸魔；此单位攻击后有1/2几率本回合攻击次数+1；每破坏一个武将每回合攻击次数+1；在“暴雨”或“大海”中每破坏一个对方单位每回合攻击次数+1；在“大海”中飞跃，回避不费魔
4,狂战,暗,恶魔,苑魔,3,4,4,1,3,变硬 保护 黑魔化（魔力点-3发动；速+2；周围7*7内对方单位速-剩余的魔的数量，到1；6回合）黑夜魔影（魔力点-1，投色子，对周围造成色子点数次数的2的伤害） 入魔（魔力点+1）,周围7*7内每有对方单位使用技能时血+1/4，魔+2，魔力点+1
3,术士,炎,灵体,火焰管理人,2,3,3,2,5,火墙 【1奇美拉（一回合一次；攻1守1速3范2；在此单位周围“炎”属性的武将和其召唤物攻+1；“水”属性的武将及其召唤物攻-1，到1） 吸魔 火焰密码（破坏一个己方“奇美拉”，此单位和此单位周围7*7“炎”属性的武将和其召唤物此回合普攻破魔）,每个进攻回合开始时当回合攻击次数增加周围7*7“炎”属性的武将和其召唤物的数量
3,骑士,风,兽人,强盗翼龙骑手,3,1,1,2,3,翼龙（守4速8；穿人带有以下破魔效果：下回合结束前速-1，到1；飞行） 保护 锁链 ¥夜空派对（6回合；第一个特性变为对周围和经过的对方单位攻击3次，并且取消第二个特性）,此单位位移时对周围和经过的对方单位给予普攻；每个回合只可对同一单位普攻一次；每次普攻在回合结束前攻+1；普攻吸魔
5,术士,风,鸟人,邪恶英雄。超级信鸦,1,3,5,1,5,光墙 【0.5报信乌鸦（一回合3次；攻1守3速5范1；飞行；此单位周围的对方单位速-1，不能使用不费魔的技能） 三角飞鸦阵（选择周围15*15内一个周围有3个以上己方“报信乌鸦了单位；破坏活动其周围3个己方“报信乌鸦”并给予3的伤害和以下破魔效果：下回合结束前速-3，到1，并且无法使用位移技能） 四方飞鸦阵（选择周围15*25内一个周围有4个以上己方“报信乌鸦”的单位；破坏其周围4个己方“报信乌鸦”并给予4次2的伤害和以下破魔效果：下回合结束前无法攻击或主动技能） 六芒星杀阵（选择周围15*15内一个周围有6个以上己方“报信乌鸦”的单位；破坏其周围6个己方“报信乌鸦”并给予6次3的伤害） 八龙封印阵（选择周围15*15内一个周围有8个己方“报信乌鸦”的单位；破坏其周围8个己方“报信乌鸦”并给予一下破魔效果：8回合内无法攻击，移动，技能，特性无效） ,飞行；此单位周围的对方单位速-1，不能使用不费魔的技能；所有不费魔的技能无视魔免，带有破魔的吸魔效果；攻击或使用除“报信乌鸦”以外的主动技能后在周围召唤投骰子数量的“报信乌鸦”
4,勇者,土,灵体,矮小绅士,3,3,4,1,2,回避 突现（一回合不费魔3次；移动一格，然后向垂线方向直线移动2格） ,攻击2次；可穿人；穿对方单位后在穿人的前一格召唤一个分身；每个对方回合可以使2次对此单位或此单位分身的伤害不计，被此效果影响后分身不会破坏；此单位只受到近身伤害
3,刺客,风,虫人,蝴蝶刺客。弗伦萨,2,2,4,4,5,回避 虚荣巨影（一回合一次；对自己或双方单位使用；破魔，无法被回避；8回合内攻+2；无法普攻）,普攻带有以下破魔效果：吸魔，下回合结束前攻守速-1，到1
4,狂战,暗,恶魔,红莲魔。盖泽尔,0,0,5,1,0,无,此单位攻，守为被破坏的武将的数量+1（随时变化）；不受到技能伤害；自然回血；普攻破魔；普攻无法被回避；每回合仅受到一次伤害
2,勇者,风,兽人,骷髅飞盗团的团长。星海的起源。弗兰斯,3,3,3,1,4,龙息 锁链 保护 ￥飞龙船。亚特兰大（攻3守5速4范3；占2*3；可被多个单位乘骑；飞行；此单位上的单位每个回合仅有一个可以对此单位使用被动技能） ￥启航号（仅可对己方“飞龙船。亚特兰大”使用；“飞龙船。亚特兰大”直线移动5格；然后魔免；6回合）,攻2次；可格挡反击；此单位的费魔技能可以被此单位乘骑的“飞龙船。亚特兰大”每回合不费魔使用，使用后减少此单位的每回合技能使用次数
2,贤者,风,古龙,骷髅飞盗团的参谋。深邃的流星。鲁托,1,2,1,2,5,加魔 加血 守+1（被使用单位守+1；4回合） 光墙 【0.5银制的信号弹（一回合最多使用一次；使用后周围5*5的己方名字里带有“骷髅飞盗团”的武将此回合内攻+1；不可叠加）,攻击带有以下效果：被击中单位在下个己方回合不能使用位移技能；此单位乘骑的“飞龙船。亚特兰大”每回合攻击次数+1；此单位的费魔技能可以被此单位乘骑的“飞龙船。亚特兰大”每回合不费魔使用，使用后减少此单位的每回合技能使用次数
1,剑士,风,精灵,骷髅飞盗团的舵手。黄金的流沙。拉比,4,1,3,1,3,穿刺 保护 神速 飞跃 【0.5银制的飞钩（一回合最多使用一次；飞跃3格，然后选择场上一个己方名字里带有“骷髅飞盗团”的武将；将那个武将移动到此单位周围） ￥时之沙（仅能在场上没有其他名字里带有“骷髅飞盗团”的单位时使用；破魔；可以对己方或者对方使用；那个单位位置，状态，能力值，尽量回到两个上个己方回合结束前；大招不重置）,此单位乘骑的“飞龙船。亚特兰大”速+2，并且增加特性：穿人造成4的伤害；此单位的费魔技能可以被此单位乘骑的“飞龙船。亚特兰大”每回合不费魔使用，使用后减少此单位的每回合技能使用次数
2,刺客,风,人类,骷髅飞盗团的侦察兵。裂空的白影。卡洛,4,1,5,1,3,飞跃 回避 【0.5银制的锁爪（对一个方向攻击2次，然后可以瞬移到场上最近的己方的“飞龙船。亚特兰大”上）,攻击带有以下效果：被击中单位下个己方回合速-1；此单位乘骑的“飞龙船。亚特兰大”每次受到伤害都有1/3几率将那次伤害无效化；此单位的费魔技能可以被此单位乘骑的“飞龙船。亚特兰大”每回合不费魔使用，使用后减少此单位的每回合技能使用次数
2,狂战,风,兽人,骷髅飞盗团的斗士。夜行的豪杰。卡齐姆,3,5,2,1,2,穿刺 飞跃 震开 变硬 【0.5银制的重甲（仅能在不在乘骑状态下使用；使用后直到下个对方回合结束时守+1；此单位周围的名字里带有“骷髅飞盗团”的武将和他们的召唤物不受到伤害）,此单位乘骑的“飞龙船。亚特兰大”攻+1；此单位的费魔技能可以被此单位乘骑的“飞龙船。亚特兰大”每回合不费魔使用，使用后减少此单位的每回合技能使用次数
1,勇者,风,兽人,骷髅飞盗团的炮手。沙丘的厉鬼。电鼠,3,1,3,1,3,穿刺 保护 飞跃 【0.5银制的手枪（一回合最多使用一次；破魔；没有伤害；被击中的单位被吸魔）,此单位乘骑的“飞龙船。亚特兰大”范+2；攻击变为2*2；此单位的费魔技能可以被此单位乘骑的“飞龙船。亚特兰大”每回合不费魔使用，使用后减少此单位的每回合技能使用次数
3,勇者,土,精灵,地缝族。火竹,3,2,3,2,5,穿刺 保护 神速 飞跃 【0.5火之竹光（没有伤害；被击中单位在下个己方回合结束前对对方单位造成的伤害变为回复量；无法被回避）,自然回魔；满血时受到来自对方的致命伤害时，此单位会以1/4的血留在场上；此单位受到来自对方的伤害时，可以选择场上9*9内一个己方单位，那个单位回复受到的伤害量
3,法师,土,兽人,地缝族。寒竹,3,2,3,5,5,远程龙息 光墙 【0.5冰之竹光（没有伤害；被击中单位在下个己回合方必须造成伤害，否则在回合结束时受到4的伤害；无法被回避）,自然回魔；满血时受到来自对方的致命伤害时，此单位会以1/4的血留在场上；此单位受到来自对方的伤害时，可以选择场上9*9内一个己方单位，那个单位回复受到的伤害量
3,贤者,土,人类,地缝族。岩竹,2,3,3,3,5,回魔 保护 守*2 【0.5岩之竹光（没有伤害；被击中单位在下个己方回合结束前使用费魔技能时，周围9*9内所有对方单位回复那个技能所使用的魔；无法被回避）,自然回魔；满血时受到来自对方的致命伤害时，此单位会以1/4的血留在场上；此单位受到来自对方的伤害时，可以选择场上9*9内一个己方单位，那个单位回复受到的伤害量
1,贤者,木,精灵,湿地之主。缇娜,3,2,3,2,5,回复 光墙 【3湿地草原（将天气改为“湿地草原”）,自然回魔
9,法师,暗,机甲,邪神。赫爾莫波利斯,0,0,1,1,0,离子盾 瞬移（一回合一次） 地狱设计者（一回合一次；仅可选择一个被破坏的武将使用；那个武将的同名武将在下的对方回合结束前无法被召唤，也无法攻击和使用主动技能） 实验体（4回合一次；仅可选择一个对方单位使用；在那个单位周围召唤一个“实验体”能力值与那个单位原本的能力值相同，特性相同，不能使用技能，6回合后破坏） 特化起点（6回合一次；场上存在己方“实验体”时才能使用，此单位周围9*9的单位攻-1，守-1，不叠加，没有“实验体”存在时效果结束）,占2*2；此单位攻为场上除此单位外最高的守+1（随时变化）；此单位守为场上除此单位外最高的攻+1（随时变化）；每个回合结束后血变满
4,勇者,土,古龙,软甲龙,4,4,4,3,5,远程龙息 变硬 震开 【1缠绕（范1；一回合最多使用一次；被击中单位在位移之前或此单位位移之前不能移动或使用位移技能） 地龙突袭（4回合一次；移动5格，然后回复1/2血）,占4格；飞行；每次受到伤害，在回合结束前守+1；此单位在场上时，可以当作等级2到5使用
8,勇者,风,古龙,暴君龙,4,5,4,4,5,远程龙息 震开 残暴政策（一回合一次；选择n个场上己方单位的技能，那些单位失去被选择的技能，然后此单位魔力点+n） 炼狱之火（一回合最多使用一次魔力点-1；3*5；破魔；被此技能造成的伤害的单位不能回复） 混沌吐息（一回合最多使用一次；魔力点-1；投骰子；移动4格并且对周围造成伤害；可以最多重复投出骰子的数量） 巨龙振翅（4回合一次；3*9；破魔；没有伤害；被击中单位下个己方回合不能移动）,攻击+1魔力点；飞行；占2*2
2,法师,暗,灵体,机关傀儡。诅咒之颜,3,3,4,3,4,远程龙息 光墙 装备（一回合一次；随时使用；作为道具装备到被击中的己方单位上） 卸下（一回合一次；随时使用；仅在作为道具时才能使用；取消装备，回到作为单位的状态）  诅咒凝视（4回合一次；破魔；被击中单位速-3，到1，每次使用主动技能，血-1/4；4回合）,此单位作为道具时，对被装备对象拥有以下效果：守+1，速+1，并且增加特性：对攻击此单位的对象造成2的伤害
2,法师,暗,灵体,机关傀儡。印第安娃娃,3,4,3,1,4,光墙 装备（一回合一次；随时使用；作为道具装备到被击中的己方单位上） 卸下（一回合一次；随时使用；仅在作为道具时才能使用；取消装备，回到作为单位的状态） 狂躁之斧（4回合一次；对一个方向攻击3次）,此单位作为道具时，对被装备对象拥有以下效果：攻击次数+1，并且增加特性：对此单位使用技能的单位此回合不能再使用主动技能
1,法师,暗,灵体,机关傀儡。魅惑裙摆,1,1,4,2,4,光墙 装备（一回合一次；随时使用；作为道具装备到被击中的己方单位上） 卸下（一回合一次；随时使用；仅在作为道具时才能使用；取消装备，回到作为单位的状态） 华丽狂舞（4回合一次；对周围5*5造成3的伤害）,此单位作为道具时，对被装备对象拥有以下效果：速+1，范+1；并且增加特性：在回合结束时对周围造成投骰子点数/2的伤害
4,勇者,土,人类,地煞星。黄信,1,3,3,1,4,保护 ￥守护灵。地煞（攻5守无限速3范1；（随时）此单位在召唤此单为的单位13*13以外时破坏，此技能在回合结束时重置） 天牛坐地（一回合一次；周围5*5） 落天踢（一回合一次；直线移动4格；然后对一个方向造成半破魔的伤害） ￥星占术。移（瞬移到场上人一个己方的名字里带有“守护灵”的单位或召唤此单位的单位周围）,除“守护灵。地煞”外所有主动技能均必须由此单为召唤的“守护灵。地煞”使用
4,法师,土,人类,天微星。史进,1,2,3,2,5,光墙 ￥守护灵。天微（攻2守无限速3范5；（随时）此单位在召唤此单为的单位13*13以外时破坏，此技能在回合结束时重置） 五虎牢（一回合一次；破魔；击中单位必须魔-2才能移动；攻-1；2回合） 招来手（一回合一次；伤3；对此技能使用被动技能的单位受到以下破魔效果：向此单为指定的方向直线移动3格） ￥占星术。聚（选择场上最多2个己方的名字里带有“守护灵”的单位或召唤此单位的单位，那些单位瞬移到此单为周围）,除“守护灵。天微”外所有主动技能均必须由此单为召唤的“守护灵。天微”使用
4,狂战,土,人类,天杀星。李逵,3,4,4,1,3,龙息 震开 变硬 ￥守护灵。天杀（攻4守无限速5范1；攻2次；（随时）此单位在召唤此单为的单位13*13以外时破坏，此技能在回合结束时重置） 天河吼（一回合一次；此单为和周围的己方的名字里带有“守护灵”的单位和召唤此单位的单位此回合内攻击次数+1） 生魂吼（一回合一次；周围的己方单位直到下个对方回合结束时守+1） ￥占星术。离（选择周围一个名字里带有“守护灵”的单位或召唤此单位的单位，那个的单位此回合内移动次数+1）,攻2次；攻击吸血；除“守护灵。天杀”外所有主动技能均必须由此单为召唤的“守护灵。天杀”使用
4,贤者,土,人类,地正星。裴宣,1,2,3,1,4,保护 ￥守护灵。地正（攻2守无限速3范1；周围5*5的单位在每个己方回合开始时魔+1，血+1/4；（随时）此单位在召唤此单为的单位13*13以外时破坏，此技能在回合结束时重置） 论赏罚（一回合一次；作用于场上所有己方武将；每个武将，如果此回合在此技能使用前给予了对方伤害，魔+1，如果此回合在此技能使用前没有给予了对方伤害，魔-1） 魔封拳（一回合一次；给予伤害；被击中单位下个己方回合不能使用主动技能） ￥占星术。进（选择最多2个己方的名字里带有“守护灵”的单位或召唤此单位的单位，那些单位在纵列上最多向一同个方向尽量移动3格）,除“守护灵。地正”外所有主动技能均必须由此单为召唤的“守护灵。地正”使用
4,剑士,土,人类,地异星。郑天寿,1,2,3,2,4,保护 ￥守护灵。地异（攻5守无限速4范1；（随时）此单位在召唤此单为的单位13*13以外时破坏，此技能在回合结束时重置） 禽凤剑（一回合一次；三格；破魔；被击中的离此单为最近的单位直线位移到此单位周围，然后此单位给予那个单位2次伤害） 牛皮锦囊（一回合一次；投骰子，选择最多骰子点数的场上的己方武将，那些武将直到下个回合结束时速+1，守+1） ￥占星术。圆（使用后直到回合结束前周围5*5反隐）,除“守护灵。地异”外所有主动技能均必须由此单为召唤的“守护灵。地异”使用
4,刺客,土,人类,天慧星。石秀,1,2,4,1,4,神速 飞跃 回避 ￥守护灵。天慧（攻5守无限速4范1；（随时）此单位在召唤此单为的单位13*13以外时破坏，此技能在回合结束时重置） 天刑爪（一回合一次；半破魔；受到此技能的单位直到下个己方回合结束不能使用位移技能） 破龙靠(破魔；一回合一次；对一周造成以下破魔效果：击中的单位向此单位反方向尽量位移一格，并且在下个己方回合速-1；如果被击中的单位是飞龙或古龙，则在下个己方回合还受到以下效果：不能使用主动技能) ￥占星术。想（选择一个己方单位；那个的单位下个对方回合在受到致命伤害时会剩1/4血留在场上）,除“守护灵。天慧”外所有主动技能均必须由此单为召唤的“守护灵。天慧”使用
7,勇者,暗,精灵,龙血鬼。德龙库拉,4,3,4,3,5,锁链 远程龙息 回避 震开 飞跃 吸魔 击龙枪（一回合一次；2*3；带有以下破魔效果：速-2，到1，飞行特性无效化，4回合） 【1恐惧倒影（6回合最多一次；周围9*9；在范围内每个对方武将周围召唤一个与那个武将名字和能力值相同的单位，那个单位不视为武将，没有技能和特性，只能攻击与自己同名的对方武将，6个回合结束后破坏） ,攻击和技能对“古龙”武将和其召唤物破魔，普攻吸血；破坏一个“古龙”武将时，攻+1，守+1；所有对此单位造成近战伤害的单位受到一下效果：每个己方回合结束时血*1/2
6,狂战,炎,兽人,热源魔兽,3,5,4,1,3,龙息 震开 暴怒（8回合一次；每回合攻击次数增加对方场上的武将的次数；8回合）热导（一回合一次；仅能对此单位以外的己方狂战武将使用；血+1/4.或魔+1）￥自爆 吞噬（一回合一次；仅在被破坏的状态下才能使用；选择对方一个单位；作为对方的武将召唤到那个的单位周围，并对一个方向造成5的破魔伤害）  ,占4格；攻击一周；被破坏后对周围11*11造成4的伤害
1,刺客,水,精灵,水忍,4,1,7,2,2,神速 回避,每次攻击在在周围召唤一个分身
8,贤者,暗,灵体,纷乱闪灵,1,2,3,4,5, 远程龙息 回避 吸魔 锁链 作祟（一回合一次；被动技能；仅在对方使用的主动技能影响此单位以外的至少一个己方单位时才能使用；那个技能无效化）  【1骚灵现象（对方所有单位每次移动都有1/2几率移动失败；2回合） 【0.5致盲（破魔；被击中单位每次移动都要使用一个魔并且无法攻击，2回合）¥灵异恐吓（身前4*4；取得被击中的对方的召唤物控制权）幻变魅影（一回合一次；仅能对对方单位使用；被击中单位上的回复效果变为此单位的回复效果；6回合）,攻击吸血；此单位的攻击和技能的范围为周围9*9内任意位置；使用回避后直到回合结束前魔免；可穿人；满血时受到致命伤害时会已1/4血留在场上
4,勇者,光,灵体,紫晶战士,1,1,4,1,4,保护 龙息 飞跃 潮汐拳（一回合一次；移动2格后；对一个方向2*2造成伤害；被击中单位如果对象是“水”属性武将，则给予一下破魔效果：吸魔（大）） 集中（一回合2次，仅在守大于2时才能使用；守-1，多移动一次）,每当场上有此单位以外的单位使用技能时，此单位直到下个己方回合开始前攻+1，守+1；每次给予对方伤害，魔+2
5,勇者,土,兽人,热血考拉教练,2,5,3,1,2,飞跃（大） 保护 变硬 愤怒掀桌！（一回合一次；使用后此回合周围5*5内包括此单位的己方单位每攻击一次，此回合内攻+1） 协力翻滚（一回合一次；选择周围5*5内最多两个己方单位，那两个单位和此单位向同一个方向直线尽量移动4格） 泰山压顶（4回合一次；对周围对方单位给予以下破魔效果：伤3，速-2，到1，不叠加；4回合）,占2*2；攻3次；攻击吸血；魔0受到伤害后，在回合结束时魔+1
2,狂战,土,兽人,强袭犀牛,2,3,4,1,2,神速 龙息 震开 变硬,攻3次；此单位被破坏后场上所有己方武将攻+1，守+1，同名武将效果不叠加，6回合；被破坏6回合后，如果场上存在己方“兽人”武将，则尽量在周围满状态召唤此单位
5,勇者,土,人类,绝境赌徒,2,6,5,2,4,保护 回避 变硬 飞跃 筹码强化（守-1，攻+1；一回合一次）绝境无赖（一回合2次；随时使用；当场上的由概率决定的结果出现时才能使用，使用后那个结果无效并且再次由概率决定一次） ,普攻无法被回避；普攻破魔；血量不会变化；每次受到伤害守-1，到1；回合结束时守为1时，此单位破坏；普攻只有（6-守）/6的几率给予伤害（最低为0）
4,刺客,暗,人类,忍法大师忍者,2,1,2,1,2,神速 吸魔 穿刺 ¥撕裂 回避 忍法。爆破手里剑（4回合一次；范2；伤2；被击中单位此回合内守-1，到1） ¥忍法。魔笛（使用后场上“忍术大师忍者”以外的己方刺客此回合内速+1，并且可以有一次机会使用一次已经用过的大招） ¥忍法。坐地莲（使用后无法移动和使用位移技能，直到下个己方回合开始时，不受到伤害）,在使用大招以外的技能后，当回合内可以再不费魔使用2次（不计入当回合使用次数内)
5,勇者,暗,恶魔,迪奥斯,3,4,3,1,4,保护 穿刺 神速 锁链 ￥暗。浮游炮*4（攻4守1速2范3；每回合可以使用一次吸魔；被破坏后在下回合开始时召唤；周围7*7的对方单位使用被动技能时费魔+1；被破坏后，破坏此单位的单位血*1/2）,无
6,刺客,光,鸟人,鸟人。阿加德,4,2,4,4,5,吸魔 神速 远程穿刺 回避 打落（一回合一次；给予此单位攻击一半的伤害，如果对方拥有“飞行”特性，则取消“飞行”特性，然后将那个单位血*1/2，速-3，到1，6回合） ￥行刺（4回合内隐身，在隐身过程中的第一次普攻或技能破魔且无法被回避）,飞行；破坏对方武将后大招重置；此单位也被视为“天使”武将
7,法师,暗,人类,大魔导。阿斯特拉萨,4,4,4,5,6,光墙 神速 远程龙息（大） ￥瞬移 【2.5神力爆破（伤4；一回合最多使用一次；5*5；破魔） ￥神圣魔导阵（8回合；此单位周围7*7的对方单位不能使用主动技能） ,自然大回魔；攻击一格或者对周围5*5；此单位周围5*5的对方单位不能攻击